allmb_name	crop_state	gbif_species_key	myco_state	num_occurrences	woody_state
Acacia_ampliceps		2978547	arbuscular	416	
Acacia_confusa		2978466	ecto	1132	
Acacia_crassicarpa		2979506	ecto	1160	
Acacia_dimidiata		2980626	arbuscular	1338	
Acacia_eriopoda		2980796	arbuscular	319	
Acacia_furcatispina		3796132	arbuscular	337	
Acacia_holosericea		2978751	ecto	2937	
Acacia_hylonoma		2979401	ecto	131	
Acacia_leiocalyx		2979974	ecto	3332	
Acacia_maidenii		2980396	ecto	3867	
Acacia_mearnsii		2979775	ecto	17908	
Acacia_melanoxylon		2979000	ecto	40413	
Acacia_obtusifolia		2980237	both	4115	
Acacia_oswaldii		2980319	arbuscular	7064	
Acacia_platycarpa		2981312	ecto	1670	
Acacia_sparsiflora		2981156	ecto	438	
Acacia_tenuissima		2979227	ecto	1247	
Acacia_torulosa		2980904	ecto	1721	
Acaciella_angustissima		2981071	ecto	6414	
Acaena_elongata		5370941		1357	derived
Acaena_minor		5371118	neither	261	
Acaena_novae-zelandiae		5370755	arbuscular	24487	
Acaena_splendens		5370957		144	non-woody
Acanthophyllum_laxiflorum		5586029		151	derived
Acanthoprasium_frutescens		3895799		792	derived
Acanthosicyos_horridus		8327014		99	derived
Acanthospermum_hispidum		3100375		4248	non-woody
Achillea_nobilis		3120024	arbuscular	5184	
Achillea_setacea		3120066	neither	1350	
Achimenes_longiflora		6365250		1007	non-woody
Acrodon_subulatus		5555063		33	non-woody
Acrotome_inflata		3893741		426	non-woody
Actinidia_arguta		3189693	arbuscular	3696	
Actinidia_kolomikta		7270682	neither	1764	
Actinidia_polygama		3189692	neither	2735	
Adenanthera_malayana		2951860	arbuscular	44	
Adenanthera_microsperma		2951851	neither	423	
Adenanthera_pavonina		2951846	arbuscular	1902	
Adenogramma_glomerata		3783531		241	non-woody
Adenophora_liliifolia		5409500	arbuscular	1539	
Adenophyllum_cooperi		3132223		290	derived
Adenophyllum_porophyllum		3132238		436	non-woody
Adenostyles_alliariae		3133702		21987	non-woody
Adenothamnus_validus		3098996		66	derived
Aechmea_stelligera		2698220	neither	64	
Aegilops_crassa		9198426	arbuscular	897	
Aegilops_cylindrica		5289783	neither	7952	
Aegilops_speltoides	progenitor	5289790	arbuscular	3207	
Aegilops_tauschii	progenitor	5289779	arbuscular	5491	
Aeonium_decorum		7334101	arbuscular	167	
Aeonium_korneliuslemsii		2985682		1019	derived
Aeschynomene_indica		2949250	arbuscular	6078	
Aethionema_saxatile		3051094		4026	derived
Aextoxicon_punctatum		4195638	arbuscular	345	
Afzelia_africana		5358300	ecto	4802	
Agalmyla_parasitica		3823653		132	non-woody
Ageratum_conyzoides		5401673		15390	non-woody
Agrimonia_eupatoria		3001956	arbuscular	193231	
Agrostis_gigantea		2706541	arbuscular	81480	
Aichryson_laxum		7334818		466	non-woody
Albizia_corniculata		2972934	arbuscular	505	
Albizia_inundata		2973063	arbuscular	972	
Albizia_myriophylla		2973009	neither	164	
Albizia_polycephala		2973294	neither	1288	
Alchemilla_alpina		3027648	arbuscular	33665	
Alchemilla_arvensis		5365013	arbuscular	54962	
Alchemilla_cryptantha		3027938		452	non-woody
Alchemilla_elgonensis		3028258		9	derived
Alchemilla_ellenbeckii		8270904		184	non-woody
Alchemilla_glabra		3027640	arbuscular	48022	
Alchemilla_glomerulans		3028402	arbuscular	9939	
Alchemilla_haumanii		3027762		29	derived
Alchemilla_johnstonii		3028684		248	derived
Alchemilla_polylepis		3025383		167	derived
Alchemilla_subnivalis		3027643		119	derived
Alchemilla_verticillata		3025345		114	ancestral
Alchemilla_vulgaris		7890713	neither	56176	
Alchemilla_xanthochlora		3028198	arbuscular	24933	
Aldama_santacatarinensis		8290546		40	derived
Aldina_latifolia		5360758	ecto	262	
Alectra_fruticosa		3724724		27	derived
Alectra_sessiliflora		7331592		2329	non-woody
Alhagi_maurorum		2945092	arbuscular	1862	
Alisma_plantago-aquatica		2865100	neither	193146	
Allenrolfea_occidentalis		3083574		904	derived
Alliaria_petiolata		5376075		208120	non-woody
Allophyllum_integrifolium		5341614	arbuscular	105	
Alopecurus_aequalis		5290083	neither	42569	
Alopecurus_arundinaceus		5290087	arbuscular	6653	
Alopecurus_geniculatus		5290090	arbuscular	177126	
Alopecurus_glacialis		4107964	neither	73	
Alopecurus_myosuroides		5290097	arbuscular	51234	
Alopecurus_pratensis		5290081	arbuscular	278888	
Alopecurus_vaginatus		5671926	neither	266	
Alphitonia_excelsa		3039494	arbuscular	11835	
Alseuosmia_macrophylla		3686201	arbuscular	3008	
Alyssoides_cretica		3050537		136	derived
Alyssum_alyssoides		3044855		40836	non-woody
Alyssum_caespitosum		3044774		22	derived
Alyssum_dasycarpum		3045148		148	non-woody
Alyssum_desertorum		3044743		2175	non-woody
Alyssum_lenense		3045096		378	derived
Alyssum_montanum		3044912		8830	derived
Alyssum_niveum		3044753		4	derived
Alyssum_serpyllifolium		3044979		3652	derived
Alyssum_tetrastemon		3044851		18	derived
Alyssum_troodi		3045067		65	derived
Amaranthus_retroflexus		6109534		46977	non-woody
Amblygonocarpus_andongensis		2975852	arbuscular	417	
Amblyopappus_pusillus		3140179		934	non-woody
Amborella_trichopoda		3667902	arbuscular	6092	
Amburana_cearensis		2945821	arbuscular	948	
Amelanchier_ovalis		3023878	arbuscular	61216	
Amischotolype_hispida		2764969	arbuscular	503	
Ammodendron_bifolium		2971159	arbuscular	125	
Amphoricarpos_neumayerianus		3090715		10	derived
Anabasis_articulata		5568629		2092	derived
Anagallis_arvensis		8184903	arbuscular	195673	
Anagallis_tenella		4005183	arbuscular	27076	
Ananas_comosus		5288819	arbuscular	11235	
Anastatica_hierochuntica		3041976		583	non-woody
Andinocleome_lechleri		7544780		144	derived
Andinocleome_pilosa		7499107		513	non-woody
Andira_aubletii		2940383	arbuscular	450	
Andira_inermis		2952214	neither	3289	
Androsace_obtusifolia		4005658	arbuscular	2725	
Androsace_triflora		8545553	neither	42	
Angelonia_campestris		3742222		347	derived
Angelonia_integerrima		3742036		645	non-woody
Anisophyllea_purpurascens		3658103	arbuscular	463	
Anogeissus_leiocarpa		3698332	arbuscular	8848	
Anthemis_arvensis		3102781	arbuscular	56715	
Anthemis_cotula		8035698	arbuscular	19771	
Anthemis_cretica_subsp._argaea		7839493	neither	4529	
Anthoxanthum_arcticum		2703334	arbuscular	431	
Anthoxanthum_australe		4134120	arbuscular	3848	
Anthoxanthum_monticola_subsp._alpinum		4133679	neither	4594	
Anthurium_pentaphyllum		2873047	arbuscular	2222	
Antiaris_toxicaria		7262663	arbuscular	4287	
Antimima_aurasensis		5554838		8	derived
Apera_spica-venti		5289642	neither	68145	
Aphanocalyx_microphyllus_subsp._microphyllus		2954240	ecto	608	
Apostasia_odorata		2795473	arbuscular	66	
Apostates_rapae		5399546		10	derived
Arabidella_trisecta		3040450		1208	derived
Arabidopsis_arenosa		3052509	arbuscular	29984	
Arabidopsis_thaliana		3052436	neither	130903	
Arabis_hirsuta		9202524		63439	non-woody
Arachis_duranensis	progenitor	5353841		1047	
Arachis_hypogaea_var._peruviana		5353770	arbuscular	48360	
Arachis_ipaensis	progenitor	5353793		38	
Aragoa_abietina		3741986		1132	derived
Archidendron_ellipticum		8638856	arbuscular	457	
Archidendron_lucidum		2941456	neither	810	
Archidendron_turgidum		2941467	arbuscular	106	
Arctium_minus		5393103	arbuscular	116310	
Arctostaphylos_uva-ursi		2882580	ecto	70805	
Arctotis_cuprea		8234487		123	derived
Arctotis_stoechadifolia		5406226		440	non-woody
Arcytophyllum_nitidum		2892716		3967	derived
Argemone_fruticosa		3601104		16	derived
Argemone_mexicana		2888485	arbuscular	4468	
Argemone_turnerae_subsp._turnerae		3603413		24	non-woody
Argyranthemum_frutescens		3104491		1435	derived
Argyreia_nervosa		2928692		586	derived
Argyroderma_fissum		3705796		158	non-woody
Argyroxiphium_sandwicense		3118115		308	derived
Aripuana_cullmaniorum		3842504		19	derived
Aristida_adscensionis		2706277	arbuscular	14239	
Aristida_holathera_var._holathera		4126814	neither	7665	
Aristolochia_maxima		2873997		1006	ancestral
Aristolochia_rotunda		2874019		4736	non-woody
Aronia_melanocarpa		5363627	arbuscular	4063	
Artemisia_annua		8373355	arbuscular	5986	
Artemisia_arenaria		3121476	arbuscular	170	
Artemisia_armeniaca		8366310	arbuscular	288	
Artemisia_borealis		8122301	neither	582	
Artemisia_dracunculus		3121581	arbuscular	5499	
Artemisia_ludoviciana		3120950	arbuscular	9616	
Artemisia_maritima		7879222	neither	6617	
Artemisia_marschalliana		6064178	arbuscular	388	
Artemisia_pontica		8195160	arbuscular	1287	
Artemisia_songarica		7777804	arbuscular	40	
Artocarpus_camansi	progenitor	2984573		3300	
Arum_maculatum		5330580	arbuscular	146607	
Ascarina_lucida		3750413	arbuscular	3210	
Asclepias_albicans		3170348		472	derived
Asclepias_subaphylla		3573704		41	derived
Asclepias_syriaca		3170247		15208	non-woody
Aster_albescens_var._albescens		5387533		1230	derived
Aster_alpinus		5387396		15807	non-woody
Aster_bellidiastrum		5385837		10200	non-woody
Aster_lavandulifolius		5387550		13	derived
Aster_nitidus		5387390		9	derived
Asteriscium_closii		5385247		51	non-woody
Asteropeia_micraster		5835984	both	157	
Astragalus_alopecias		5344165	arbuscular	109	
Astragalus_cicer		5343253	arbuscular	15429	
Astragalus_filicaulis		8391325	arbuscular	223	
Astragalus_frigidus		5343710	neither	5865	
Astragalus_glycyphyllos		5346998	neither	60403	
Astroloma_humifusum		7288486	neither	18236	
Asyneuma_canescens		3168201	arbuscular	394	
Atamisquea_emarginata		7717320	arbuscular	216	
Ateleia_glazioveana		5361709	arbuscular	263	
Atractylis_arbuscula		5398267		24	derived
Atractylis_humilis		5398274		10947	non-woody
Atriplex_amnicola		3756750		174	ancestral
Atriplex_cinerea		6035692		2306	derived
Atriplex_coriacea		3760595		71	derived
Atriplex_glauca		7501008		2410	derived
Atriplex_halimus		3083718		8350	derived
Atriplex_lampa		8681279		14	ancestral
Atriplex_littoralis		3083696		20902	ancestral
Atriplex_prostrata		3083786		124142	non-woody
Atriplex_semibaccata		3083667		10639	non-woody
Atriplex_stipitata		3759563		6484	derived
Aucuba_japonica		3033077	arbuscular	5894	
Aurinia_saxatilis		5377778		3892	derived
Avena_barbata		2705300	arbuscular	90152	
Avenella_flexuosa		4149465	neither	435076	
Avenula_pubescens		2703793	arbuscular	94459	
Ayapanopsis_oblongifolia		3104452		90	derived
Azima_tetracantha		3796625	arbuscular	1062	
Azorina_vidalii		3166266		1562	derived
Baccharis_salicifolia		3129643	arbuscular	8273	ancestral
Baeriopsis_guadalupensis		3143049		41	derived
Bahia_ambrosioides		3095499		160	ancestral
Bajacalia_tridentata		3140123		79	derived
Balanites_aegyptiacus		5421115	arbuscular	6203	
Baldellia_ranunculoides		2864546	arbuscular	19645	
Balizia_pedicellaris		2973147	arbuscular	1348	
Ballota_hirsuta		8376275		6959	ancestral
Ballota_nigra_subsp._uncinata		2926894		65125	non-woody
Bambusa_multiplex		2705757	arbuscular	938	
Banksia_ericifolia		7124454	arbuscular	6075	
Banksia_marginata		7124257	neither	22403	
Baphia_laurifolia		5352590	neither	850	
Baphia_massaiensis		5352622	arbuscular	886	
Baptisia_bracteata		2976054	arbuscular	2934	
Basistemon_spinosus		3734357		112	derived
Bassia_laniflora		5568188		1541	non-woody
Bassia_scoparia		5383936		8629	ancestral
Batesia_floribunda		5357360	arbuscular	410	
Batis_maritima		5414196	neither	2208	
Beckmannia_syzigachne		5290059	arbuscular	4034	
Begonia_baccata		4930960		33	derived
Begonia_beryllae		4158030		55	derived
Begonia_dichotoma		4157610		186	derived
Begonia_ebolowensis		4157162		48	non-woody
Begonia_fruticosa		7303416		982	derived
Begonia_glabra		7303342		2189	non-woody
Begonia_isoptera		8009293		258	non-woody
Begonia_merrittii		4158256		77	derived
Begonia_meyeri-johannis		4930932		357	derived
Begonia_oxyloba		4156666		623	non-woody
Begonia_reniformis		2874716		744	derived
Beilschmiedia_tawa		4182938	arbuscular	10441	
Bellis_perennis		3117424		368165	non-woody
Bersama_abyssinica		3845259	arbuscular	1647	
Berteroa_incana		3053522		39710	non-woody
Berzelia_lanuginosa		5643057	arbuscular	1240	
Besleria_notabilis		3824613		418	derived
Besleria_solanoides		6365702		8456	derived
Beta_vulgaris		8971274	arbuscular	103370	
Bidens_aoraiensis		5392005		10	derived
Bidens_cordylocarpa		5392179		61	derived
Bidens_menziesii_subsp._menziesii		5392027		398	derived
Bidens_pilosa		5391845		35758	non-woody
Bidens_segetum		5391954		978	derived
Bidens_tripartita		5391862		107296	non-woody
Bistorta_affinis		4033335		551	derived
Bistorta_vivipara		2889299		113161	non-woody
Bixa_orellana		2874863	arbuscular	5810	
Blepharodon_mucronatum		9763251		1638	non-woody
Blitum_bonus-henricus		8044896		30098	derived
Blitum_californicum		5568959		538	derived
Blysmopsis_rufa		2710633	arbuscular	9492	
Blysmus_compressus		2710650	neither	15912	
Bobgunnia_madagascariensis		2981738	arbuscular	1496	
Bocconia_frutescens		2888374	neither	3535	derived
Boechera_glaucovalvula		3043528		68	non-woody
Boechera_koehleri		3043299		142	derived
Boechera_lemmonii		3043593		920	non-woody
Boechera_lincolnensis		3043467		92	derived
Boechera_perennans		3043206		1133	non-woody
Boechera_pulchra_var._pallens		3043531		157	derived
Boechera_stricta		3043392		3200	non-woody
Boehmeria_cylindrica		2984345	neither	5641	
Boehmeria_zollingeriana		7300724	arbuscular	788	
Bolboschoenus_fluviatilis		7953794	arbuscular	2544	
Bornmuellera_tymphaea		3047125		105	derived
Borreria_alata		2918871		3964	non-woody
Boscia_angustifolia		5602553	arbuscular	876	
Boscia_oleoides		5602447	neither	162	
Bosea_yervamora		9460392		305	derived
Bossiaea_obcordata		2968327	arbuscular	4000	
Botschantzevia_karatavica		3050742		9	derived
Brachyglottis_repanda		3138474	arbuscular	5986	
Brachypodium_sylvaticum		5290146	arbuscular	235440	
Brachystegia_boehmii		2952673	ecto	1840	
Brachystegia_spiciformis		2952670	both	5318	
Brandisia_hancei		3732880		494	derived
Brassica_balearica		3042911		244	derived
Brassica_insularis		3042880		511	derived
Brassica_macrocarpa		3042797		79	derived
Brassica_oleracea		3042845		33058	derived
Brassica_rapa_subsp._oleifera		7903057		49984	non-woody
Brassica_spinescens		3042913		77	derived
Bredemeyera_laurifolia		7293385	arbuscular	396	
Brianhuntleya_intrusa		3703898		45	derived
Brickellia_eupatorioides		5388438		4114	non-woody
Brickellia_nutanticeps		5388387		127	derived
Brickellia_scoparia		5388397		240	ancestral
Brickellia_tomentella		5388336		923	derived
Briza_maxima		2702792	arbuscular	35529	
Bromus_benekenii		4144085	arbuscular	19594	
Bromus_erectus		7647071	arbuscular	196211	
Bromus_sewerzowii		4932851	neither	48	
Broussonetia_papyrifera		5361944	arbuscular	6147	
Brownea_grandiceps		2970463	arbuscular	623	
Bryonia_dioica		6422396	arbuscular	61712	
Bryophyllum_pinnatum		2985930		3404	non-woody
Bulbostylis_capillaris		7771445	neither	1131	
Bulbostylis_densa		5292267	arbuscular	2256	
Bupleurum_canescens_var._handiense		3638501		49	derived
Bupleurum_falcatum		6027105		42569	non-woody
Bupleurum_fruticescens_subsp._spinosum		6027094		16906	non-woody
Bupleurum_salicifolium		7605240		313	derived
Bupleurum_tenuissimum		3635987		8086	ancestral
Burkea_africana		5348890	arbuscular	5546	
Burmeistera_cyclostigmata		3161658		786	derived
Caesalpinia_pulcherrima		2958715	arbuscular	5018	
Cajanus_cajan		2960383	arbuscular	39764	
Calamagrostis_arundinacea		4109084	arbuscular	60578	
Calamagrostis_canadensis		2704895	arbuscular	9456	
Calamagrostis_canescens		4108861	neither	100141	
Calamagrostis_pseudophragmites		4108217	arbuscular	3934	
Calamagrostis_stricta_subsp._inexpansa		2704899	arbuscular	11199	
Calciphila_gillettii		3621298		2	derived
Calea_jamaicensis		3147667		919	derived
Calea_ternifolia		8388990		1738	non-woody
Calla_palustris		2869101	neither	40306	
Calliandra_bella		2981924	neither	277	
Calliandra_brevipes		2981785	arbuscular	913	
Calliandra_carbonaria		2982031	neither	1120	
Calliandra_eriophylla		2982181	arbuscular	1674	
Calliandra_parvifolia		2981824	ecto	699	
Calligonum_comosum		8082975		416	derived
Calluna_vulgaris		2882482	neither	483866	
Calotropis_procera		5414566		6100	derived
Calpocalyx_dinklagei		2932964	arbuscular	632	
Calycophysum_pedunculatum		7317788		150	non-woody
Campanula_fragilis		5410186	arbuscular	280	
Campanula_hohenackeri		5410717	neither	2263	
Campanula_lasiocarpa		5411731	arbuscular	1912	
Campanula_patula		5410564	arbuscular	77588	
Campanula_rapunculoides		5410436	arbuscular	54140	
Campanula_scheuchzeri		5410226	both	22548	
Camphorosma_lessingii		6035827		3323	derived
Campylanthus_salsoloides		8164714		360	derived
Canavalia_acuminata		2962165	neither	113	
Canavalia_rosea		2962021	arbuscular	5275	
Caragana_pygmaea		2943272	arbuscular	429	
Cardamine_dentata		7972010	neither	364293	non-woody
Carduus_nutans		8185959	arbuscular	50669	
Carex_aquatilis		2724150	neither	35480	
Carex_baccans		2727853	arbuscular	1056	
Carex_bicknellii		2725637	arbuscular	1193	
Carex_blanda		2728993	arbuscular	6587	
Carex_brunnescens		2728226	arbuscular	39353	
Carex_canescens		2722942	neither	120461	
Carex_caryophyllea		2727655	neither	80464	
Carex_cephalophora		2724783	arbuscular	3817	
Carex_cristatella		2725051	arbuscular	2630	
Carex_divulsa		2722914	arbuscular	28442	
Carex_enervis		2729929	neither	146	
Carex_halleriana		2723055	neither	42644	
Carex_lupulina		2727232	neither	5407	
Carex_lurida		2722529	arbuscular	6736	
Carex_nigra		2724925	arbuscular	297086	
Carex_pensylvanica		2724855	arbuscular	4422	
Carex_pilulifera		2726614	neither	148587	
Carex_rostrata		2726725	neither	181086	
Carex_sempervirens		2722326	arbuscular	46055	
Carex_speciosa		2723697	arbuscular	227	
Carex_spicata		2722210	neither	50040	
Carex_stipata		2725605	arbuscular	7370	
Carex_sylvatica		2722602	neither	158961	
Carex_vaginata		2725816	neither	49072	
Carex_vulpinoidea		2728060	arbuscular	10330	
Carica_papaya		2874484	arbuscular	5960	
Carlina_falcata		3105401		32	derived
Carlina_salicifolia		3105400		696	derived
Carlina_vulgaris		3105380	arbuscular	90144	non-woody
Carmichaelia_australis		5348429	neither	2149	derived
Caroxylon_cyclophyllum		3759615		138	derived
Caroxylon_dendroides		9626002		204	ancestral
Caroxylon_vermiculatum		9465030		3787	derived
Carpobrotus_edulis		3084842		7359	ancestral
Carpodetus_serratus		3932516	arbuscular	18050	
Carpolobia_alba		4049539	arbuscular	1290	
Carrichtera_annua		5375285		20245	non-woody
Carthamus_lanatus		9051760		23580	non-woody
Carthamus_tinctorius		3138327	arbuscular	10348	
Caryodaphnopsis_fosteri		4180147	arbuscular	73	
Cassia_fistula		5357108	arbuscular	2375	
Castanospermum_australe		2952129	arbuscular	1225	
Castilleja_grisea		3170640		130	derived
Castilleja_miniata		3170719		5563	non-woody
Catapodium_rigidum		2705228	arbuscular	35797	
Caustis_dioica		2718179	neither	419	
Caustis_flexuosa		2718189	arbuscular	5495	
Ceanothus_thyrsiflorus		3039379	ecto	1378	
Centaurea_diffusa		3128962		2137	non-woody
Centaurea_jacea		3128547	arbuscular	301293	
Centaurea_macrocephala		3129064		370	non-woody
Centaurea_ptosimopappa		3127659		38	derived
Centaurea_pulchella		3128723	neither	270	
Centaurea_spinosa		3128393		258	derived
Centaurium_erythraea		5414457		105200	non-woody
Centaurodendron_palmiforme		3098633		43	derived
Centauropsis_decaryi		3091980		21	derived
Centaurothamnus_maximus		3126503		34	derived
Centropodia_glauca		5680035	arbuscular	289	
Centrosema_pubescens		2964904	arbuscular	4855	
Cephalanthera_damasonium		2795952	ecto	42837	
Cephalanthera_longifolia		2795869	neither	43078	
Cephalophyllum_ebracteatum		3702923		78	non-woody
Cephalophyllum_herrei		3702866		44	derived
Cephalostachyum_pergracile		4123063	arbuscular	191	
Ceratonia_siliqua		5356354	arbuscular	35327	
Cercis_canadensis		5353583	arbuscular	10420	
Cercocarpus_ledifolius		8168453	ecto	1609	
Cevallia_sinuata		2874845		890	non-woody
Chamaecrista_adiantifolia		2950290	neither	456	
Chamaecrista_mimosoides		2949769	arbuscular	9981	
Chamerion_angustifolium		8053718	neither	320944	
Charpentiera_obovata		5384317		353	derived
Chascolytrum_subaristatum		4149785	arbuscular	3884	
Chaunanthus_petiolatus		3042385		66	derived
Cheirolophus_intybaceus_var._microcephalus		3097063		2166	derived
Chelonanthus_alatus		3844069		2878	non-woody
Chelone_glabra		5414935		4175	non-woody
Chenolea_diffusa		5568277		228	derived
Chenopodium_album		3083838		222830	non-woody
Chenopodium_auricomum		3757177		2167	derived
Chenopodium_nutans		7750992		25839	ancestral
Chenopodium_parabolicum		7719079		5896	derived
Chiliadenus_iphionoides		3089836		1888	derived
Chionochloa_rigida		4148765	arbuscular	1310	
Chionopappus_benthamii		3089275		47	derived
Chondrilla_juncea		8537667	arbuscular	27467	
Chorispora_tenella		3044349		2813	non-woody
Chorizanthe_brevicornu		2888910		1061	non-woody
Chorizanthe_staticoides		2888925		642	non-woody
Chrysactinia_mexicana		3151386		1039	derived
Chrysanthemum_zawadskii		3150753	arbuscular	1171	
Chrysodracon_hawaiiensis		5304685	arbuscular	114	
Chrysosplenium_oppositifolium		7526486	neither	60507	
Cicer_arietinum		2947311	arbuscular	90833	
Cicerbita_alpina		3087634	neither	18263	
Cichorium_endivia		5392243	arbuscular	2261	
Cirsium_arvense		3113414	arbuscular	573171	non-woody
Cirsium_brevipapposum		9289510	neither	1	
Cistus_ladanifer_subsp._sulcatus		6437976	ecto	557043	
Cladium_jamaicense		2731327	arbuscular	26123	
Cladrastis_kentukea		2945513	arbuscular	1228	
Cleistogenes_squarrosa		2706207	neither	310	
Clematis_alpina		3033599		9192	ancestral
Clematis_flammula		3921611		22540	non-woody
Clematis_ibarensis		3931342		191	derived
Clematis_pauciflora		8009516		230	derived
Clematis_vitalba		3033558		159846	derived
Cleome_anomala		3871537		342	derived
Cleome_rutidosperma		9778787		2661	non-woody
Cleome_viridiflora		3873199		465	derived
Cleomella_arborea		7893492		2547	derived
Cleomella_serrulata		8145885		1858	non-woody
Clermontia_kakeana		5407709		342	derived
Clethra_barbinervis		3718199	arbuscular	3759	
Clitoria_fairchildiana		2946600	neither	734	
Coccinia_adoensis		3624807		912	non-woody
Coccinia_grandis		2874564		2342	derived
Coccoloba_pubescens		2888841		304	ancestral
Cochlearia_danica		5373254	arbuscular	38064	
Cochlearia_groenlandica		5373235	neither	2696	
Cocos_nucifera	undifferentiated	2735117		5604	
Codonanthopsis_crassifolia		3824299		1180	derived
Codonoboea_leucocodon		3823765		6	derived
Codonopsis_clematidea		8569825	arbuscular	467	
Cojoba_arborea		2981383	neither	1603	
Colchicum_autumnale		2739622	arbuscular	68076	
Colletia_spinosissima		6371450	arbuscular	457	
Colocasia_formosana	progenitor	5330776		9238	
Colocasia_lihengiae	progenitor	5330771		4	
Colocasia_yunnanensis	progenitor	5330769		110	
Colutea_arborescens		7844167		12004	derived
Combretocarpus_rotundatus		3658134	neither	191	
Conospermum_taxifolium		8410766	arbuscular	2344	
Constancea_nevinii		3103322		233	derived
Convolvulus_arvensis		2928390		232524	non-woody
Convolvulus_canariensis		3681333		244	derived
Convolvulus_dorycnium		7815993		1166	derived
Convolvulus_floridus		7943397		526	derived
Convolvulus_lanuginosus		7532470		5784	ancestral
Convolvulus_oxyphyllus		3680734		68	derived
Convolvulus_siculus		3678083		2100	non-woody
Conyza_canadensis		3146791	neither	196827	
Coopernookia_barbata		3761207		945	derived
Coptis_trifolia_subsp._groenlandica		3033632		5023	non-woody
Corallocarpus_bainesii		3623632		141	non-woody
Corallocarpus_glomeruliflorus		7825611		46	derived
Coreocarpus_dissectus		3122462		110	derived
Coreopsis_fasciculata		3134008		144	derived
Coreopsis_mutica_var._carnosifolia		8872556		958	derived
Coreopsis_tinctoria		3133950		4803	non-woody
Corethrodendron_multijugum		2961023		150	derived
Coriaria_ruscifolia		3701768	neither	1763	
Cornus_suecica		3082246	arbuscular	37166	
Cortaderia_selloana		2704523	arbuscular	10107	
Corydalis_alpestris		5531590	arbuscular	111	
Corydalis_solida		5334208	neither	26474	
Cosmos_bipinnatus		3098912	neither	4797	
Cota_tinctoria_subsp._subtinctoria		5390618	arbuscular	32602	
Cotyledon_orbiculata		5361969		1861	derived
Cousinia_brachyptera		3102676		34	non-woody
Cousinia_microcarpa		3101933	arbuscular	215	
Cousinia_stechmanniopsis		3102091		2	derived
Cousinia_stocksii		3102023		21	derived
Crambe_maritima		5373533		13358	non-woody
Crambe_santosii		5373526		93	derived
Crambe_strigosa		5373547		318	derived
Crassula_aquatica		7565449	neither	4936	non-woody
Crassula_arborescens		7334487		183	derived
Crassula_deceptor		5688947		109	ancestral
Crassula_perfoliata_var._minor		7172987	neither	474	derived
Crassula_rupestris		7557934	arbuscular	445	derived
Crassula_sarcocaulis_subsp._rupicola		7172895		431	ancestral
Crassula_schimperi_subsp._schimperi		7334642	arbuscular	286	
Crassula_sieberiana		5362057		14565	non-woody
Crassula_tetragona		7172747		592	derived
Cratystylis_conocephala		3098621		1345	derived
Cremolobus_peruvianus		3041482		120	derived
Crotalaria_incana		2942375	arbuscular	5323	
Cryptosepalum_tetraphyllum		2956480	ecto	205	
Cucumis_myriocarpus		7885624		3636	non-woody
Cucumis_rigidus		3624525		85	derived
Cucurbita_argyrosperma_subsp._sororia	progenitor	7156471		2154	
Cucurbita_ficifolia	undifferentiated	2874512		1523	
Cucurbita_maxima_subsp._andreana	progenitor	7655426		9035	
Cucurbita_moschata	undifferentiated	7393329		9912	
Cucurbita_pepo_subsp._fraterna	progenitor	8860489		748	
Culcitium_canescens		3108405		425	non-woody
Curatella_americana		7304064	arbuscular	3882	
Cutandia_memphitica		2706169	neither	754	
Cyanea_pilosa_subsp._longipedunculata		5412328		70	ancestral
Cyclamen_hederifolium		7127810	arbuscular	3980	
Cyclocheilon_somaliense		3570693		33	derived
Cydonia_oblonga		5362215	arbuscular	5315	
Cylicodiscus_gabunensis		2977092	arbuscular	281	
Cylindrocline_commersonii		3144488		24	derived
Cynanchum_acutum		3571089		5107	non-woody
Cynanchum_floribundum		5525679		808	derived
Cynanchum_hastifolium		7312422		63	derived
Cynanchum_meyeri		3577491		52	derived
Cynara_cardunculus		3112364	arbuscular	6968	
Cynometra_megalophylla		2966854	arbuscular	451	
Cynometra_retusa		2966937	arbuscular	332	
Cynophalla_flexuosa		3873525	neither	3650	
Cynosurus_cristatus		2704395	arbuscular	214581	
Cyperus_capitatus		2714938	neither	3030	
Cyperus_esculentus		2716226	neither	14875	
Cyperus_fuscus		2716489	neither	19706	
Cyperus_iria		2715729	arbuscular	8807	
Cyperus_laevigatus		2713559	arbuscular	5664	
Cyperus_ligularis		2715068	arbuscular	4280	
Cyperus_luzulae		2714679	neither	5519	
Cyperus_microiria		2715429	neither	2448	
Cyperus_odoratus		2715219	arbuscular	12875	
Cyperus_polystachyos		2730407	arbuscular	11865	
Cyperus_strigosus		2716719	arbuscular	6377	
Cyperus_surinamensis		2715295	arbuscular	4009	
Cyphocardamum_aretioides		3042380		3	derived
Cytisus_scoparius		5354656		221189	ancestral
Dactylorhiza_maculata		8179794	neither	141100	
Dactylorhiza_sambucina		8231647	ecto	24685	
Dalbergia_hupeana		2968584	neither	608	
Dalbergia_melanoxylon		2968897	arbuscular	1482	
Dalbergia_miscolobium		2968927	arbuscular	1535	
Dalbergia_monetaria		2968858	neither	1460	
Dalbergia_obtusifolia		2968541	arbuscular	53	
Dalea_purpurea		5353342	arbuscular	4280	
Dampiera_stricta		7262323	arbuscular	9959	ancestral
Daniellia_oliveri		2948733	arbuscular	4960	
Danthonia_decumbens		2703250	arbuscular	142978	
Daphne_laureola		5420853	arbuscular	40330	
Darwiniothamnus_tenuifolius		3089315		72	derived
Dasiphora_fruticosa		5370380	arbuscular	16633	
Dasyphyllum_brasiliense		5389251	arbuscular	1253	
Daucus_carota		3034742		345220	non-woody
Daucus_decipiens		9244277		177	derived
Daucus_tenuissimus		9439727		9	derived
Dauresia_alliariifolia		5399557		46	derived
Dedeckera_eurekensis		2889047		93	derived
Dehaasia_incrassata		4179558	arbuscular	408	
Deinandra_clementina		3106607		172	derived
Delpinophytum_patagonicum		3043050		25	derived
Dendroarabis_fruticulosa		3040783		67	derived
Dendrocacalia_crepidifolia		3096516		84	derived
Dendrocalamus_giganteus		4145704	arbuscular	269	
Dendromecon_rigida		2888424		2066	derived
Dendrophorbium_bomanii		3106963		106	derived
Dendrosenecio_kilimanjari_subsp._cottonii		3118072		102	derived
Dendrosicyos_socotranus		5792703		49	derived
Dendrosida_sharpiana_subsp._pubescens		7279020		108	derived
Denscantia_cymosa		2892178		275	derived
Deschampsia_cespitosa_subsp._borealis		8059811	neither	446115	
Deschampsia_chapmanii		5827799	arbuscular	203	
Descurainia_millefolia		3044107		354	derived
Descurainia_pinnata		3044133		6115	non-woody
Desmanthodium_fruticosum		3109868		265	derived
Detarium_microcarpum		2961176	arbuscular	6085	
Deuterocohnia_longipetala		2699405	neither	301	
Dialium_guianense		2971008	arbuscular	3483	
Dianthus_deltoides		3085424		72251	non-woody
Dianthus_serrulatus		7540866		191	ancestral
Diapensia_lapponica		5333323	neither	8765	
Diceratella_elliptica		5374684		91	derived
Dicymbe_uaiparuensis		2965715	ecto	87	
Dienia_ophrydis		2813396	arbuscular	374	
Dieterlea_fusiformis		3624166		89	derived
Digitaria_ischaemum		5290003	arbuscular	24003	
Digitaria_longiflora		5289974	neither	3835	
Digitaria_sanguinalis		5289972	arbuscular	61875	
Digitaria_violascens		5289995	arbuscular	4889	
Dillwynia_retorta		5348693	ecto	7102	
Dilobeia_thouarsii		7590974	neither	437	
Dioscorea_abyssinica	progenitor	2754610		486	
Dioscorea_bulbifera	undifferentiated	2755489		7895	
Dioscorea_communis		2755063	arbuscular	83263	
Dioscorea_dumetorum	undifferentiated	2754673		2047	
Dioscorea_esculenta	undifferentiated	2755195		1037	
Dioscorea_minutiflora	progenitor	2755468		758	
Dioscorea_persimilis	progenitor	2754651		711	
Dioscorea_polystachya	undifferentiated	2754732		1104	
Dioscorea_praehensilis	progenitor	2754460		1501	
Dioscorea_trifida	undifferentiated	2755239		892	
Diphysa_floribunda		5357270	neither	408	
Diplacus_aridus		5414620		51	derived
Diplacus_aurantiacus		5414628		4897	derived
Diplacus_douglasii		7551308		380	non-woody
Diplacus_mephiticus		8054934		695	non-woody
Diplacus_puniceus		5414624		1182	derived
Diplolepis_boerhaviifolia		8264647		63	non-woody
Diplolepis_menziesii		7502093		50	derived
Diplotropis_martiusii		5355620	neither	481	
Discaria_chacaye		5602883	arbuscular	228	
Discaria_toumatou		5603124	neither	1072	
Disphyma_australe_subsp._australe		7552617		545	non-woody
Dissocarpus_biflorus		7339912		1559	non-woody
Ditassa_retusa		3579540		584	derived
Dithyrea_californica		3053543		1004	non-woody
Dittrichia_viscosa		3101184		23606	non-woody
Docynia_indica		3025442	arbuscular	111	
Doronicum_macrophyllum		8292300	arbuscular	155	
Dorycnium_hirsutum		2959124	neither	14317	
Doyerea_emetocathartica		2874552		305	derived
Draba_aizoides		3049799		16005	non-woody
Draba_aretioides		3049764		30	non-woody
Draba_chionophila		3049589		12	non-woody
Draba_cocuyana		3049446		16	derived
Draba_hallii		3049894		124	derived
Draba_lindenii		3050249		38	derived
Draba_pulvinata_subsp._pulvinata		3050227		33	derived
Draba_stylosa		3050305		18	derived
Drosanthemum_floribundum		3084872		737	derived
Drosanthemum_gracillimum		3705134		27	derived
Drosanthemum_hispidum		3084869		268	derived
Drosanthemum_pulverulentum		3704772		32	derived
Drosanthemum_stokoei		3704684		38	non-woody
Drosanthemum_zygophylloides		3704559		19	derived
Dryas_punctata		4889932	ecto	42860	
Drymonia_semicordata		5590501		930	non-woody
Drymonia_serrulata		5590493		2383	derived
Dubautia_ciliolata_subsp._glutinosa		3134942		333	ancestral
Dubautia_knudsenii_subsp._knudsenii		3134875		183	derived
Dubautia_latifolia		3134897		124	derived
Dubautia_laxa		3134895		574	derived
Dubautia_reticulata		3134911		71	derived
Duchesnea_chrysantha		7631479	arbuscular	2892	
Duma_florulenta		8066397		9478	derived
Dussia_lehmannii		2968245	neither	1652	
Dyssodia_papposa		5405417		2897	non-woody
Ebenus_cretica		5354894		263	derived
Eberlanzia_sedoides		5554460		82	derived
Echeveria_elegans		8315197	neither	63	
Echinaria_capitata		5674620	arbuscular	5184	
Echinochloa_crus-galli		2702808	neither	113034	
Echinodorus_grandiflorus		5328834	neither	1148	
Echinops_sphaerocephalus		5392883	arbuscular	12425	
Echinops_spinosissimus		5392840	neither	787	
Echium_aculeatum		4064880		624	derived
Echium_gentianoides		4059020		66	derived
Echium_vulgare		2925892		131458	non-woody
Ehretia_cortesia		4059927		179	non-woody
Elaeagnus_umbellata		7752288	neither	10896	
Elatostema_parvum_var._parvum		7300859	arbuscular	261	
Elatostema_platyphyllum		7300825	neither	498	
Elburzia_fenestrata		5376048		20	derived
Eleocharis_acuta		2716961	arbuscular	11168	
Eleocharis_acutangula_subsp._breviseta		2716800	arbuscular	1676	
Eleocharis_dulcis		2717712	arbuscular	2917	
Eleocharis_erythropoda		2717342	neither	3193	
Eleocharis_palustris		2717002	arbuscular	177465	
Eleocharis_uniglumis		2717910	neither	37441	
Elephantorrhiza_elephantina		2933010	arbuscular	705	
Eleusine_coracana_subsp._africana	progenitor	4124350		1335	
Eleusine_indica		2705953	arbuscular	24951	
Elodea_canadensis		2865448	neither	66830	
Elymus_elongatus		4125808	arbuscular	5244	
Elymus_fibrosus		4110465	arbuscular	684	
Elymus_repens		5290299	arbuscular	377735	
Embothrium_coccineum		7124132	neither	713	
Emilia_sonchifolia		7376217		6484	non-woody
Eminia_holubii		5349217	arbuscular	44	
Encelia_canescens		8035320		326	ancestral
Encelia_conspersa		7601494		40	derived
Encelia_farinosa		3118746		4608	ancestral
Encelia_hispida		3118773		19	derived
Enchylaena_tomentosa		6447669		29978	ancestral
Enkianthus_quinqueflorus		7328257	arbuscular	280	
Enneapogon_polyphyllus		4152243	arbuscular	4986	
Ensete_ventricosum	undifferentiated	2763050		536	
Entada_polystachya		2976206	neither	1487	
Epacris_impressa		8377116	neither	22255	
Epacris_microphylla_var._microphylla		7908557	arbuscular	5458	
Epilasia_hemilasia		3096136	neither	78	
Epilobium_montanum		3664083	arbuscular	166433	
Epipactis_helleborine		8998684	ecto	149755	
Epipactis_palustris		5319226	neither	58597	
Eragrostis_pilosa	progenitor	2705400	arbuscular	15891	
Eremocharis_fruticosa		5538327		57	derived
Erepsia_anceps		3705703		287	derived
Erigeron_acris		3147080		56271	non-woody
Erigeron_ecuadoriensis		3146961		250	non-woody
Erigeron_fasciculatus		3147343		76	derived
Erigeron_othonnaefolius		4214180		0	derived
Erigeron_socorrensis		3146997		40	derived
Erigeron_speciosus		3147146		2944	non-woody
Eriogonum_annuum		2889698		1404	non-woody
Eriogonum_arborescens		2889638		255	derived
Eriogonum_corymbosum_var._glutinosum		2889533		1042	ancestral
Eriogonum_davidsonii		2889732		650	non-woody
Eriogonum_fasciculatum		2889433		7817	derived
Eriogonum_giganteum		2889699		307	derived
Eriogonum_marifolium		2889632		710	non-woody
Eriogonum_microthecum		7983280		2573	derived
Eriogonum_nummulare		2889744		314	derived
Eriogonum_ovalifolium		2889640		3560	non-woody
Eriogonum_sphaerocephalum_var._sphaerocephalum		2889491		793	derived
Eriogonum_umbellatum		2889574		7337	derived
Eriogonum_wrightii		2889714		2561	derived
Eriophyllum_lanatum		3130472		5224	non-woody
Eriophyllum_staechadifolium		6443404		1132	derived
Ernodea_littoralis		2893696		1214	derived
Eruca_vesicaria_subsp._sativa		5375920		12730	non-woody
Erucastrum_meruense		5375531		14	derived
Erucastrum_nasturtiifolium		5375555		10979	non-woody
Eryngium_bupleuroides		3632917		51	derived
Eryngium_campestre		3034426		113569	non-woody
Eryngium_ovinum		3628924		4758	non-woody
Eryngium_sarcophyllum		3642112		9	derived
Erysimum_cheiranthoides		3048266		67021	non-woody
Erysimum_crassipes		3048616		435	derived
Erysimum_crepidifolium		3048522		1446	non-woody
Erysimum_maderense		3048057		37	derived
Erysimum_perofskianum		3048131		152	non-woody
Erysimum_scoparium		3048534		633	derived
Erysimum_senoneri		3048489		286	derived
Erysimum_subulatum		3048635		67	non-woody
Erythranthe_guttata		7346102		11643	non-woody
Erythranthe_parviflora		8379486		19	derived
Erythrina_fusca		5349620	neither	1729	
Erythrophleum_chlorostachys		2971187	neither	9224	
Escallonia_myrtilloides		8376201	arbuscular	2282	
Espeletia_grandiflora		3105059		3454	derived
Eucalyptus_obliqua		3176354	ecto	35280	
Euclidium_syriacum		3049314		1084	non-woody
Euonymus_maackii		7265494	neither	1162	
Eupatorium_cannabinum		5402943	arbuscular	248717	non-woody
Euphorbia_aphylla		3069165		255	derived
Euphorbia_atoto		3065495		985	ancestral
Euphorbia_balsamifera		3069871		1383	derived
Euphorbia_celastroides		3069979		1170	derived
Euphorbia_cooperi		3069097		226	ancestral
Euphorbia_crotonoides		3065947		103	non-woody
Euphorbia_cuneata		3065338		276	ancestral
Euphorbia_cyparissias		3070106		165665	non-woody
Euphorbia_herbstii		3065516		50	derived
Euphorbia_hirta		3068937		15620	non-woody
Euphorbia_hyberna		3066567		6076	ancestral
Euphorbia_knuthii_subsp._knuthii		3064075		72	non-woody
Euphorbia_lambii		3919699		77	derived
Euphorbia_maculata		3067119		18305	non-woody
Euphorbia_mauritanica		7926635		785	non-woody
Euphorbia_milii		3067157		998	derived
Euphorbia_misera		3066035		598	derived
Euphorbia_multiformis_var._microphylla		3065531		422	derived
Euphorbia_palustris		3064056		11281	non-woody
Euphorbia_schlechtendalii		3068012		1295	ancestral
Euphorbia_stygiana		3069679		1898	derived
Euphorbia_usambarica		3064520		110	ancestral
Euphorbia_villosa		8656882		188	non-woody
Eurya_japonica		7152601	arbuscular	7079	
Euscaphis_japonica		9464189	arbuscular	4027	
Evodianthus_funifer		2861089	neither	1615	
Exacum_fruticosum		3841164		32	derived
Exacum_oldenlandioides		3840827		186	non-woody
Exochaenium_grande		3839714		608	non-woody
Fagopyrum_esculentum		2889373		15559	non-woody
Fagopyrum_esculentum_subsp._ancestrale	progenitor	4036222		1	
Fagopyrum_tibeticum		7835272		4	derived
Faidherbia_albida		5360150	arbuscular	2058	
Fallopia_aubertii		5334351		4668	derived
Fallopia_convolvulus		6391461		141026	non-woody
Farsetia_stylosa		3047985		1136	derived
Faujasia_squamosa		5400134		123	derived
Fenestraria_rhopalophylla		7329187		148	non-woody
Fernseea_itatiaiae		2693674	arbuscular	106	
Festuca_arundinacea_subsp._orientalis		5289769	arbuscular	192246	
Festuca_baffinensis		2704993	arbuscular	1204	
Festuca_bromoides		5289598	arbuscular	34748	
Festuca_contracta		4126093	neither	373	
Festuca_filiformis		2705011	arbuscular	48598	
Festuca_hyperborea		2704971	neither	316	
Festuca_quadriflora		4116348	arbuscular	11938	
Fibigia_clypeata		3051652		1638	non-woody
Fibigia_umbellata		3051671		58	derived
Ficinia_nodosa		2711622	arbuscular	8994	
Ficus_andicola		5361926	arbuscular	7014	
Ficus_insipida		6358534	arbuscular	5112	
Ficus_pandurata		8037208	neither	612	
Ficus_virens		9512597	arbuscular	5717	
Filipendula_vulgaris		2988069	arbuscular	65964	
Fillaeopsis_discophora		2981414	arbuscular	364	
Fimbristylis_dichotoma		2708808	neither	27254	
Fimbristylis_eragrostis		2709044	arbuscular	280	
Fimbristylis_miliacea		2709171	arbuscular	4373	
Fissicalyx_fendleri		2943740	neither	148	
Flagellaria_indica		5287564	arbuscular	5675	
Flaveria_bidentis		3086861		1235	non-woody
Flaveria_cronquistii		3086855		68	derived
Flaveria_pringlei		3086832		152	non-woody
Flaveria_vaginata		3086871		20	derived
Forsythia_suspensa		5415056		1415	ancestral
Fouquieria_diguetii		3874338	arbuscular	476	
Fragaria_viridis		8400458	arbuscular	36851	
Fraxinus_excelsior		3172358		568688	ancestral
Freycinetia_banksii		2863182	arbuscular	7848	
Fuertesia_domingensis		4021172		20	derived
Fuscospora_cliffortioides		2874925	ecto	11785	
Gagea_nakaiana		5300184	neither	48	
Gaiadendron_punctatum		7288046	neither	4270	
Galeopsis_tetrahit		5341300	neither	246194	
Galianthe_brasiliensis		2902311		1961	derived
Galinsoga_quadriradiata		8298495		61010	non-woody
Galium_angulosum		2914960		9	derived
Galium_angustifolium_subsp._nudicaule		2914865		789	non-woody
Galium_aparine		2913548		465738	non-woody
Galium_hallii		2914507		74	derived
Galium_stellatum		2914884		700	derived
Galvezia_fruticosa		3733296		111	derived
Gambelia_juncea		8307949		163	derived
Gaudinia_fragilis		5290242	arbuscular	16478	
Gazania_caespitosa		3112488		10	derived
Gazania_krebsiana		3112466		1861	non-woody
Gazania_lichtensteinii		3112467		431	non-woody
Gazania_schenckii		9591962		25	derived
Geoffroea_decorticans		2966692	arbuscular	526	
Geoffroea_spinosa		2966693	neither	584	
Geranium_bicknellii		2890075		2356	non-woody
Geranium_cuneatum		2889996		416	derived
Geranium_dissectum		2890040	arbuscular	154801	
Geranium_exallum		2890622		7	derived
Geranium_lucidum		2890560	neither	28970	
Geranium_multiflorum		2890222		209	derived
Geranium_richardsonii		2890865		3143	non-woody
Geranium_robertianum		2890668		388659	non-woody
Gesnouinia_arborea		4101571		363	derived
Geum_glaciale		5369889	neither	378	
Geum_urbanum		5369652	arbuscular	347667	
Gigantochloa_verticillata		2703311	neither	234	
Gilbertiodendron_ogoouense		2941685	ecto	338	
Ginkgo_biloba		2687885	arbuscular	4065	
Glandora_prostrata		7294611		3245	derived
Glebionis_segetum		3141101	arbuscular	26860	
Globularia_alypum		7703240		14111	derived
Globularia_cambessedesii		5578468		46	ancestral
Globularia_cordifolia		7265184		28415	derived
Globularia_nudicaulis		7265189		11828	non-woody
Globularia_punctata		5578472		29398	non-woody
Globularia_sintenisii		5578484		47	derived
Glyceria_notata		4105780	neither	34602	
Glycine_max		5359660	arbuscular	144773	
Glycyrrhiza_glabra		2965732	arbuscular	2142	
Gnaphalium_uliginosum		5390848	arbuscular	142673	non-woody
Gnetum_latifolium		2653172	ecto	858	
Gomphocarpus_fruticosus		7150619		6555	ancestral
Gonolobus_gonoloboides		3571046		49	non-woody
Gonospermum_fruticosum		3117131		330	derived
Gonystylus_bancanus		3568838	arbuscular	185	
Goodenia_bellidifolia		7262229		4460	non-woody
Goodenia_cycloptera		3762348		2268	non-woody
Goodenia_decurrens		3762316		422	derived
Goodenia_faucium		3762044		28	derived
Goodenia_hassallii		3761324		63	derived
Goodenia_ovata		7262256		14841	derived
Goodenia_pinifolia		3761540		186	derived
Goodenia_pinnatifida		7262232		5527	non-woody
Goodenia_stobbsiana		3761975		137	derived
Gorteria_alienata		9597549		280	derived
Gossypium_hirsutum		3152661		23610	ancestral
Grayia_spinosa		5383933		1091	derived
Grindelia_chiloensis		3146198		307	ancestral
Grindelia_stricta_var._stricta		3146233		4770	non-woody
Guadua_angustifolia		4155017	arbuscular	2493	
Guaiacum_sanctum		3189908	neither	2147	
Guizotia_abyssinica		8584304		2848	non-woody
Guizotia_arborescens		8196158		21	derived
Gunnera_petaloidea		2984300	arbuscular	279	
Gurania_eriantha		3623682		680	ancestral
Gymnanthemum_amygdalinum		3130899	arbuscular	2323	
Gymnocladus_assamicus		2944213	arbuscular	2	
Gymnophyton_polycephalum		3125344		167	derived
Gymnosporia_senegalensis		3793847	arbuscular	5669	
Gynerium_sagittatum		5289743	arbuscular	1155	
Gyrocarpus_americanus		7326414	arbuscular	2608	
Haematoxylum_campechianum		2950903	arbuscular	2372	
Halgania_cyanea		7294436		4340	ancestral
Halimione_pedunculata		3755818		4109	non-woody
Halimione_portulacoides		3083765		27849	derived
Halimione_verrucifera		3758871		278	derived
Halothamnus_kermanensis		6035805		270	derived
Haplopappus_glutinosus		3100503		197	derived
Harmsiodoxa_blennodioides		3041953		1534	non-woody
Havardia_albicans		2933859	arbuscular	641	
Hazardia_squarrosa		5389275		843	derived
Hechtia_podantha		2698721	arbuscular	497	
Hectorella_caespitosa		3701797		252	derived
Hedera_helix		8351737	arbuscular	450437	
Hedycarya_arborea		3783024	arbuscular	13881	
Hedyotis_caudatifolia		3845807		123	derived
Hedyotis_fruticosa		9594482		107	derived
Hedyotis_korrorensis		2912105		72	derived
Hedyotis_philippensis		2915775		182	non-woody
Hedyotis_terminalis		2906544		2688	derived
Hedyotis_verticillata		9469636		336	derived
Hedysarum_alpinum		2949263		2697	non-woody
Hedysarum_hedysaroides		2960823	arbuscular	5344	
Hedysarum_spinosissimum		2960982	arbuscular	3249	
Hedysarum_tanguticum		2961112		173	ancestral
Hedythyrsus_spermacocinus		2898217		40	derived
Helianthemum_oelandicum		7331276	both	19513	
Helianthus_annuus		9206251		44229	non-woody
Helianthus_winteri		7771885		27	derived
Helichrysum_arenarium		3131809		16063	non-woody
Helichrysum_callicomum		3131224		339	derived
Helichrysum_citrispinum		3131876		182	derived
Helichrysum_excisum		3131640		87	derived
Helichrysum_filicaule		3131313		895	non-woody
Helichrysum_foetidum		7438716		1508	non-woody
Helichrysum_glumaceum		3131195		468	derived
Helichrysum_melanacme		3131968		347	derived
Helichrysum_niveum		7926500		208	derived
Helichrysum_patulum		3131832		364	non-woody
Helichrysum_rugulosum		3132033		908	derived
Helichrysum_stoechas		7518700	arbuscular	45018	ancestral
Helichrysum_stuhlmannii		3131434		147	derived
Helichrysum_trilineatum		3131483		575	derived
Helichrysum_zeyheri		3131741		819	derived
Heliconia_psittacorum		2760669	arbuscular	2784	
Helictochloa_pratensis		6559939	arbuscular	45764	
Helictotrichon_desertorum_subsp._basalticum		4153075	arbuscular	354	
Hemichaena_coulteri		3725222		80	derived
Hemicrambe_fruticulosa		3048696		46	derived
Henckelia_longisepala		3824659		7	derived
Hereroa_hesperantha		3707362		56	derived
Hesperidanthus_jaegeri		3047787		32	derived
Heterochaenia_ensifolia		3166106		254	derived
Heterotheca_villosa		5401977		5380	non-woody
Hieracium_echioides		9457353	arbuscular	1216	
Hieracium_umbellatum		3135329	arbuscular	110444	
Hieracium_vulgatum		7777868	neither	7655	
Hilliardiella_oligocephala		3124745		1030	non-woody
Hirpicium_bechuanense		3114489		290	derived
Hirpicium_echinus		3114448		293	non-woody
Holcus_mollis		2706163	arbuscular	214246	
Holocalyx_balansae		2943127	arbuscular	835	
Holocarpha_virgata		3091313		437	non-woody
Honckenya_peploides		3085776		26844	non-woody
Hordeum_vulgare_subsp._spontaneum	progenitor	2706075		17099	
Hordeum_vulgare_subsp._vulgare		2706056	arbuscular	296182	
Hormathophylla_spinosa		3050712		3702	derived
Hoya_carnosa		8658195		529	derived
Hubertia_riparia		5388600		14933	derived
Humiria_balsamifera		8196855	arbuscular	3941	
Hunnemannia_fumariifolia		2888505		341	non-woody
Hyacinthoides_non-scripta		5304283	arbuscular	105438	
Hydrilla_verticillata		5329570	neither	11702	
Hydrochorea_corymbosa		2977475	neither	1310	
Hymenostegia_pellegrinii		2963364	arbuscular	266	
Hymenostephium_cordatum		3100271		1551	derived
Hypolytrum_pulchrum		2709339	arbuscular	506	
Iberis_amara		5377163		8657	non-woody
Iberis_saxatilis		5377289		3983	derived
Iberis_sempervirens		5551241		3275	derived
Ibervillea_sonorae		7317774		276	ancestral
Ilex_verticillata		5414267	arbuscular	7211	
Illicium_anisatum		7314073	arbuscular	2449	
Impatiens_capensis		2891774	arbuscular	15988	
Impatiens_duclouxii		4936428		84	derived
Impatiens_firmula		4193612		300	derived
Impatiens_flaccida		4193555		74	derived
Impatiens_glandulifera		2891770		148655	non-woody
Impatiens_henslowiana		4193604		48	derived
Impatiens_kerriae		4193650		18	derived
Impatiens_latifolia		7651532		63	derived
Impatiens_leschenaultii		8046392		4	derived
Impatiens_noli-tangere		2891779	neither	73965	
Impatiens_shirensis		4193936		60	derived
Impatiens_teitensis		7309678		81	derived
Impatiens_walleriana		2891772	arbuscular	2191	non-woody
Indigofera_linifolia_var._linifolia		2971525	arbuscular	3744	
Indigofera_tinctoria		2972043	arbuscular	2473	
Inga_ruiziana		5357975	neither	6859	
Intsia_bijuga		2963211	ecto	2083	
Inula_conyza		8241874		55228	non-woody
Ionopsis_utricularioides		5321877	neither	921	
Ipomoea_ancisa		8125492		149	derived
Ipomoea_arborescens		7324166		570	derived
Ipomoea_batatas		2928551		31110	non-woody
Ipomoea_carnea_subsp._fistulosa		2928590		3549	derived
Ipomoea_trifida	progenitor	4267463		2642	
Iskandera_hissarica		3044435		3	derived
Isoberlinia_doka		2976331	ecto	4171	
Isocoma_acradenia_var._eremophila		3099243		990	non-woody
Isolepis_aucklandica		2713042	neither	1269	
Itea_parviflora		5617117	arbuscular	937	
Ixanthus_viscosus		3839773		232	derived
Ixerba_brexioides		3932625	arbuscular	3064	
Jacobaea_vulgaris		5388602		209112	non-woody
Jessea_multivenia		3119954		212	non-woody
Juglans_cinerea		3054352	arbuscular	5240	
Juncus_arcticus_subsp._arcticus		2701151	neither	7828	
Juncus_balticus		2702048	arbuscular	14926	
Juncus_conglomeratus		2701418	neither	180361	
Juncus_nodosus		2701592	arbuscular	3525	
Juniperus_oxycedrus		2684451	arbuscular	126809	
Jurinea_kopetensis		5392578		3	derived
Jurinea_mollis		6444162		517	non-woody
Kalanchoe_beharensis		4200862	neither	223	derived
Kalanchoe_blossfeldiana		2985944		218	ancestral
Kalanchoe_crenata		6441622		1026	derived
Kalanchoe_delagoensis		2985940	arbuscular	2848	non-woody
Kalanchoe_laciniata		2985933		335	derived
Kalanchoe_manginii		4199439		57	derived
Kalanchoe_petitiana		4199124		64	non-woody
Kalanchoe_scapigera		4198712		9	derived
Kalanchoe_synsepala		4198436		134	derived
Karelinia_caspia		3130922		159	non-woody
Kaviria_tomentosa		3758317		94	derived
Keckiella_breviflora		3170795		659	derived
Kernera_saxatilis_subsp._boissieri		5374828		12429	non-woody
Kewa_angrae-pequenae		8076352		47	derived
Kewa_salsoloides		7738737		744	non-woody
Kickxia_aegyptiaca		7738378		1211	derived
Kickxia_elatine		3170819		29341	non-woody
Kissenia_capensis		4931777		263	derived
Klasea_flavescens_subsp._flavescens		3091206		2096	non-woody
Klasea_leptoclada		4217452		40	derived
Kleinia_neriifolia		5405673		1453	derived
Koeleria_eriostachya		4151043	neither	320	
Koeleria_macrantha		2705914	arbuscular	40039	
Koenigia_alpina		9020499		3757	non-woody
Koenigia_islandica		5334283		6429	non-woody
Koenigia_mollis		8879994		665	derived
Koenigia_polystachya		8848208		2655	derived
Koenigia_tortuosa		8823017		387	derived
Kohleria_tigridia		5592197		974	derived
Krameria_erecta		5421448	neither	1883	
Krameria_paucifolia		5687589	arbuscular	61	
Krascheninnikovia_arborescens		3756592		13	ancestral
Krascheninnikovia_ceratoides		3083570		3202	derived
Krigia_virginica		3132412		2554	non-woody
Lactuca_serriola		3140490	arbuscular	146759	
Lagarosiphon_major		2865565	arbuscular	2828	
Lagenocarpus_guianensis		5292972	arbuscular	338	
Lagochilus_cuneatus		5608371		15	derived
Lagochilus_ilicifolius		7308219		64	non-woody
Lagurus_ovatus		5290177	arbuscular	18380	
Lamarckia_aurea		5289762	arbuscular	8686	
Lapsana_communis		3134857	arbuscular	268608	
Larrea_tridentata		5421118	arbuscular	21622	
Lathyrus_gmelinii		5356703	neither	406	
Launaea_arborescens		3144854		2402	derived
Launaea_lanifera		3144842		1122	derived
Launaea_sarmentosa		3144718		464	non-woody
Laurus_nobilis		3034015	arbuscular	12220	
Lavandula_buchii		7307864		188	derived
Lavandula_canariensis_subsp._canariensis		7307851		884	derived
Lavandula_latifolia		2927304		50438	ancestral
Lavandula_multifida		3891203		3285	ancestral
Lavandula_pinnata		7894021		98	derived
Lavandula_stoechas		2927303		200458	ancestral
Layia_glandulosa		5392986		2026	non-woody
Lechenaultia_biloba		7262225		900	derived
Lecocarpus_lecocarpoides		3091146		16	derived
Leipoldtia_schultzei		3704248		484	derived
Lemna_minor		2867589	neither	198004	
Leonotis_ocymifolia_var._schinzii		7307634		1847	derived
Lepidium_alyssoides		5377012		775	derived
Lepidium_bidentatum		5377075	arbuscular	585	
Lepidium_didymum		5377060	arbuscular	37029	non-woody
Lepidium_draba		5376961	neither	34566	
Lepidium_foliosum		5376605		729	derived
Lepidium_naufragorum		5376490		23	derived
Lepidium_oblitum		9153012		30	derived
Lepidium_phlebopetalum		5376550		3483	derived
Lepidium_ruderale		5376616	neither	24094	
Lepidium_squamatum		5376627		32261	non-woody
Lepidium_virginicum		5376648		29225	non-woody
Lepidobotrys_staudtii		3990273	arbuscular	318	
Lepidosperma_lineare		2731147	arbuscular	133	
Lepistemon_owariensis		7873674		277	non-woody
Leptadenia_arborea		3580344		256	derived
Leptolobium_elegans		2970516	arbuscular	3168	
Leptopetalum_grayi		2895818		195	derived
Leptosyne_bigelovii		9525084		585	non-woody
Leptosyne_gigantea		3134001		621	derived
Lesia_savannarum		5589164		287	derived
Lespedeza_maximowiczii		2955735	neither	309	
Lessertia_benguellensis		5360027		164	ancestral
Leucaena_retusa		2970404	arbuscular	297	
Leucanthemum_ircutianum_subsp._asperulum		5401008		15194	non-woody
Leucopogon_juniperinus		4010136	arbuscular	4781	
Leucosphaera_bainesii		5548611		292	ancestral
Leymus_lanatus		4130278	neither	47	
Librevillea_klainei		2941198	ecto	473	
Ligularia_vellerea		5395551	arbuscular	239	
Linaria_vulgaris		5415020		194037	non-woody
Linnaea_borealis		5334220	arbuscular	66026	
Liparis_loeselii		5323092	neither	15062	
Lipocarpha_mexicana		9267096	arbuscular	103	
Liquidambar_styraciflua		3152824	arbuscular	10513	
Liriodendron_tulipifera		3152861	arbuscular	10780	
Lithodora_fruticosa		5661164		9962	derived
Lithops_karasmontana_var._karasmontana		7329209		136	ancestral
Lithospermum_officinale		2926086		23973	non-woody
Loasa_bergii		9590100	neither	81	
Lobelia_dortmanna		5408512	arbuscular	24292	non-woody
Lobelia_gibberoa		5408376		478	derived
Lobelia_laxiflora		5408996		3510	derived
Lobelia_rotundifolia		5408396		96	derived
Lobularia_canariensis_subsp._canariensis		5373341		1152	non-woody
Lobularia_maritima		5373358		24980	non-woody
Lolium_perenne		2706241	arbuscular	482461	
Lomatium_parvifolium		3034284		192	non-woody
Lonchocarpus_sericeus		2969156	neither	4580	
Lonicera_caerulea_var._pallasii		5334269	neither	9376	
Lonicera_caprifolium		5334227	arbuscular	6724	
Lonicera_etrusca		5334247	neither	23385	
Lonicera_hispida		7272731	arbuscular	933	
Lonicera_implexa		9558260	arbuscular	21488	
Lonicera_japonica		5334240	arbuscular	19632	
Lonicera_microphylla		5598646	arbuscular	494	
Lonicera_nummulariifolia		7272754	arbuscular	273	
Lonicera_periclymenum		5334277	arbuscular	294808	
Lonicera_webbiana		7272607	neither	579	
Lophatherum_gracile		4129475	arbuscular	2406	
Lordhowea_insularis		5401102		103	derived
Lotus_campylocladus		5356890		277	derived
Lotus_corniculatus		5357013		481259	non-woody
Lotus_uliginosus		5356854	arbuscular	251875	
Lundinia_plumbea		5402472		160	derived
Lupinus_albifrons		2964669		5279	derived
Lupinus_arboreus		2963807		4461	derived
Lupinus_chamissonis		2963889		969	derived
Lupinus_excubitus		2964456		2205	derived
Lupinus_longifolius		2964141		677	ancestral
Lupinus_parvifolius		2963931		48	derived
Lupinus_polyphyllus		2964355		108151	non-woody
Luzula_hawaiiensis_var._hawaiiensis		2701026	arbuscular	381	
Luzula_luzuloides		2700874	neither	46444	
Lycium_barbarum		2928835		14490	non-woody
Lycium_chinense		2928809		3644	ancestral
Lyginia_barbata		2731697	arbuscular	318	
Lyrocarpa_coulteri		3040711		386	derived
Lysimachia_clethroides		3169331		4745	non-woody
Lysimachia_remyi_subsp._kipahuluensis		3169373		578	derived
Lysimachia_terrestris		3169365	neither	4105	
Lysimachia_venosa		3169363		10	derived
Lysimachia_vulgaris		3169386		291916	non-woody
Lysionotus_pauciflorus		6365649		1459	derived
Machaerina_angustifolia		5291145	neither	273	
Machaerina_mariscoides		5291112	arbuscular	427	
Machaerium_aculeatum		5354969	neither	3911	
Machaerium_opacum		5355028	arbuscular	707	
Macleaya_cordata		5334194	arbuscular	2098	non-woody
Maclura_tinctoria		2984583	arbuscular	4886	
Macrocarpaea_sodiroana		3839935		75	ancestral
Macrolobium_acaciifolium		2948882	arbuscular	1865	
Macrozamia_communis		2683568	arbuscular	2442	
Maerua_angolensis		7273321	arbuscular	1921	
Maerua_filiformis		3871641	neither	211	
Maesa_lanceolata		7330870	arbuscular	3534	
Maireana_brevifolia		3756029		12312	derived
Maireana_coronata		3755931		1218	non-woody
Maireana_oppositifolia		3755638		1147	derived
Maireana_sclerolaenoides		3760802		3649	ancestral
Maireana_sedifolia		3760771		5081	derived
Malacocera_tricornis		3760559		1149	derived
Malephora_crocea		3084858		313	derived
Malus_angustifolia		3001548	arbuscular	1547	
Malus_ioensis		3001596	arbuscular	1603	
Malus_mandshurica		4272229	neither	631	
Malus_micromalus		3001102	arbuscular	180	
Malus_orientalis		3001509	ecto	72092	
Malus_prunifolia		3001157	arbuscular	1025	
Malus_pumila		3001093	arbuscular	116673	
Malus_sieboldii		3001650	arbuscular	4627	
Malva_australiana		3935002		2236	derived
Malva_dendromorpha		3935079		7012	derived
Malva_pacifica		3933211		75	derived
Malva_sylvestris		3152374	arbuscular	92433	non-woody
Malva_wigandii		7279633		4431	derived
Mangifera_sylvatica	progenitor	3662046		148	
Manihot_esculenta_subsp._flabellifolia	progenitor	3060998		89997	
Margyricarpus_alatus		3030140		200	derived
Margyricarpus_pinnatus		3030248		821	non-woody
Mariosousa_dolichostachya		3794908	ecto	456	
Marlothiella_gummifera		3631870		30	derived
Marsdenia_rostrata		7312090		6090	ancestral
Marsdenia_viridiflora		7311998		2633	non-woody
Marshalljohnstonia_gypsophila		3090927		12	derived
Matelea_calchaquina		3573668		2	derived
Matelea_cordifolia		9749570		129	ancestral
Matelea_maritima		3170535		437	non-woody
Matelea_pedalis		7311660		166	derived
Mathewsia_incana		5377664		51	derived
Matricaria_chamomilla_var._recutita		8370958	neither	140319	
Matricaria_matricarioides		3103791	arbuscular	200315	
Matthiola_fruticulosa		5377429		7123	derived
Matthiola_incana		5377378		3452	derived
Matthiola_longipetala		5377395		2408	non-woody
Matthiola_parviflora		3053061		207	non-woody
Matthiola_torulosa		5377351		69	derived
Maurandya_antirrhiniflora		3741449		1736	non-woody
Medicago_arborea		2965379		1842	derived
Medicago_lupulina		2965201		280729	non-woody
Medicago_sativa		9151957		153549	non-woody
Medicago_strasseri		2965237		25	derived
Melampyrum_pratense		7693914		169928	non-woody
Melanoxylon_brauna		2945499	neither	607	
Melica_ciliata		2703124	arbuscular	33667	
Meliosma_myriantha		7269664	arbuscular	2575	
Mentzelia_albicaulis		8584815		2220	non-woody
Mentzelia_arborescens		5646435		78	derived
Mentzelia_scabra		7289741		591	derived
Mesembryanthemum_crystallinum		3084839		6316	non-woody
Mesomelaena_pseudostygia		5291372	neither	234	
Mespilus_germanica		3031774	arbuscular	25252	
Metroxylon_sagu	undifferentiated	2733781		207	
Micranthes_foliolosa		5567695	arbuscular	3517	
Micranthes_stellaris		5567578	neither	31722	
Microberlinia_brazzavillensis		2941147	ecto	137	
Microlaena_stipoides		2702866	arbuscular	53493	
Microloma_incanum		8042176		218	derived
Micromeria_hyssopifolia		7307035		723	derived
Micromeria_juliana		7774615		1294	ancestral
Micromeria_leucantha		5608751		20	derived
Micromeria_tenuis_subsp._linkii		7306857		69	derived
Mikania_cordifolia		5398689		4656	ancestral
Milium_vernale		2706195	arbuscular	2390	
Mimosa_polyantha		2969577	arbuscular	668	
Mimosa_pudica		2969284	arbuscular	8634	
Minaria_acerosa		3577092		873	derived
Mitracarpus_hirtus		2912993		5878	non-woody
Mitracarpus_megapotamicus		2912930		547	non-woody
Mitracarpus_portoricensis		2912966		69	derived
Mitracarpus_rigidifolius		2912913		183	derived
Mitracarpus_robustus		8397993		114	derived
Mitrasacmopsis_quadrivalvis		2900406		162	non-woody
Molineria_capitulata		5325471	arbuscular	878	
Moluccella_laevis		2926881		648	non-woody
Moluccella_olgae		7762981		45	derived
Monarrhenus_salicifolius		3114377		172	derived
Monotropa_hypopitys		2888342	both	36754	
Monotropa_uniflora		2888353	neither	9974	
Monotropastrum_humile		4168795	neither	1029	
Montia_fontana		9004024		47696	non-woody
Monticalia_vaccinioides		3111221		1514	derived
Monttea_chilensis		7332894		239	derived
Moquiniastrum_polymorphum		7575247	arbuscular	2798	
Morella_pubescens		3744993	neither	2137	
Moricandia_arvensis		5376035		5023	derived
Morus_alba		5361889	arbuscular	10626	
Mostacillastrum_orbignyanum		3041246		148	derived
Moussonia_deppeana		5590599		1352	derived
Moutabea_guianensis		4051471	arbuscular	624	
Mucuna_gigantea		2951381	neither	1660	
Mucuna_pruriens		2951499	arbuscular	3356	
Muehlenbeckia_australis		4033148		3969	derived
Mundulea_sericea		2933885	arbuscular	1449	
Muntingia_calabura		3152036	arbuscular	4687	
Munzothamnus_blairii		3144086		103	derived
Musa_acuminata_subsp._truncata	progenitor	2762680	arbuscular	2788	
Musa_balbisiana_BBB_Group	progenitor	2762950		594	
Musschia_aurea		3164483		123	derived
Myopordon_persicum		3100676		29	derived
Myriophyllum_spicatum		5361760	neither	66528	
Myrospermum_frutescens		2976681	arbuscular	462	
Myroxylon_balsamum		5357190	arbuscular	1054	
Myrrhidendron_donnell-smithii		7363341		300	derived
Myrsine_divaricata		3721809	arbuscular	16807	
Nanophyton_erinaceum		7340049		88	derived
Nardus_stricta		2702717	arbuscular	209441	
Narvalina_domingensis		8324858		132	derived
Nastus_productus		5679435	arbuscular	160	
Neatostema_apulum		4061000		5546	non-woody
Negria_rhabdothamnoides		5589523		106	ancestral
Neokochia_americana		5835727		298	derived
Nesohedyotis_arborea		2895869		32	derived
Neuwiedia_veratrifolia		2837241	neither	134	
Nicotiana_glauca		2928783		13280	derived
Nicotiana_tabacum		2928774		21553	non-woody
Niphogeton_dissecta		6027423		521	non-woody
Nirarathamnos_asarifolius		5832086		9	derived
Nissolia_fruticosa		5355067	arbuscular	1571	
Noccaea_caerulescens		3045463	arbuscular	30528	
Nolana_galapagensis		3797912		20	derived
Noticastrum_marginatum		3110254		759	derived
Ochradenus_arabicus		3916558		130	non-woody
Ochradenus_baccatus		7275957		1284	derived
Ocotea_auriculiformis		4177377	neither	86	
Oddoniodendron_normandii		2959962	ecto	35	
Oenocarpus_bataua		2735462	arbuscular	53097	
Oldeania_alpina		9550588	arbuscular	326	
Oldenlandia_corymbosa		2911970		4987	non-woody
Oldenlandia_diffusa		9264048		1362	non-woody
Olearia_rani		5405099	arbuscular	4656	
Oligochaeta_ramosa		9478654		115	non-woody
Onobrychis_afghanica		2972842		26	derived
Onobrychis_arenaria_subsp._tommasinii		2972841	arbuscular	3124	
Onobrychis_biebersteinii		2972825	neither	106	
Onobrychis_cornuta		2972756		377	derived
Onobrychis_grandis		2972737	arbuscular	45	
Onobrychis_viciifolia		2972595	arbuscular	48607	non-woody
Ononis_angustissima_subsp._longifolia		2977234		26519	derived
Ononis_spinosa		2977149		176808	ancestral
Oreobolus_furcatus		2711912	arbuscular	203	
Orfilea_neraudiana		3054797	arbuscular	11	
Ormocarpum_trichocarpum		2954028	arbuscular	368	
Orthopterum_coeganum		3707768		28	ancestral
Oryza_rufipogon	progenitor	2703463		11876	
Oryzopsis_miliacea		4141737	arbuscular	32513	
Osteomeles_anthyllidifolia		3024832	arbuscular	562	
Osyris_alba		3789029	arbuscular	18504	
Otacanthus_azureus		7760877		106	derived
Otanthus_maritimus		8278487	arbuscular	3380	
Otostegia_fruticosa_subsp._schimperi		7307811		230	derived
Oxalis_corniculata_var._atropurpurea		8427624	arbuscular	64168	
Oxytropis_aciphylla		5360999		121	derived
Oxytropis_campestris_var._gracilis		5361536		15103	non-woody
Oxytropis_echidna		5361081		3	derived
Oxytropis_lambertii		5360970	arbuscular	2811	non-woody
Oxytropis_latibracteata		5360828	arbuscular	21	
Oxytropis_mertensiana		5361127	neither	191	
Oxytropis_savellanica		5361594	arbuscular	103	
Pachycladon_cheesemanii		5552489		101	derived
Pachyelasma_tessmannii		2944797	arbuscular	170	
Packera_aurea		3114043		4201	non-woody
Packera_cymbalaria		3113982	neither	795	
Paliavana_prasinata		3824061		385	derived
Papaver_somniferum		2888439	neither	30575	
Paraboea_sinensis		6365575		309	derived
Paramacrolobium_coeruleum		2962899	ecto	501	
Parapholis_incurva		5290069	arbuscular	8748	
Parapiptadenia_pterosperma		2941639	neither	397	
Parartocarpus_venenosus		3766049	arbuscular	614	
Parietaria_judaica		5361801		39013	non-woody
Parkia_multijuga		5348884	arbuscular	452	
Parkia_ulei		5348860	arbuscular	373	
Parkinsonia_aculeata		5357217	arbuscular	7009	
Parolinia_ornata		5377800		99	derived
Paronychia_argentea		5528747	ecto	11889	
Parrya_albida		3053827		21	derived
Parthenocissus_inserta		3039193	arbuscular	19625	
Patrinia_sibirica		5668821	arbuscular	449	
Pegolettia_retrofracta		3139183		656	derived
Pelargonium_alchemilloides		8588196		986	non-woody
Pelargonium_antidysentericum		7268493		38	derived
Pelargonium_capitatum		9711656		879	derived
Pelargonium_dolomiticum		3829055		180	non-woody
Pelargonium_grandicalcaratum		3827438		62	derived
Pelargonium_grossularioides		2891614		226	non-woody
Pelargonium_luridum		3828518		1330	non-woody
Pelargonium_myrrhifolium		3827650		794	non-woody
Pelargonium_odoratissimum		2891612		334	derived
Pelargonium_panduriforme		2891607		109	derived
Pelargonium_tragacanthoides		3826726		66	derived
Pelargonium_zonale		9609002		716	derived
Peltogyne_paniculata_subsp._pubescens		2952728	arbuscular	815	
Pelucha_trifida		3148216		43	derived
Penelopeia_suburceolata		3622675		22	derived
Pennantia_corymbosa		3596592	arbuscular	4042	
Penstemon_barbatus		3171570		2600	non-woody
Penstemon_clevelandii		3171384		245	non-woody
Penstemon_fruticiformis		3171503		159	derived
Penstemon_incertus		3171588		176	derived
Penstemon_kunthii		3730926		1576	ancestral
Penstemon_tenuifolius		3730190		63	derived
Penstemon_thurberi		3171405		274	non-woody
Pentacalia_arborea		3111182		74	derived
Pericallis_aurita		3087459		94	derived
Pericallis_cruenta		8303747		242	non-woody
Perityle_emoryi		3146426		2605	non-woody
Perityle_incana		3146381		89	derived
Perrottetia_longistylis		7688073	arbuscular	521	
Petalonyx_thurberi		2874840		861	derived
Petasites_hybridus		3088301	neither	69849	
Petasites_spurius		7675973	arbuscular	2248	
Petrosimonia_brachiata		3757746		140	non-woody
Peucephyllum_schottii		3151869		966	derived
Phagnalon_rupestre		3150037	arbuscular	11558	ancestral
Phagnalon_saxatile		3150065		15185	derived
Phalaris_aquatica		5289746	arbuscular	27057	
Phaneroglossa_bolusii		5400015		42	derived
Pharnaceum_albens		7950530		82	derived
Pharnaceum_brevicaule		3783739		101	derived
Pharnaceum_confertum		3783675		78	derived
Pharnaceum_detonsum		3783619		51	derived
Pharnaceum_lanatum		3783460		120	non-woody
Phaseolus_vulgaris		5350452	arbuscular	223125	
Phedimus_hybridus		4201668	arbuscular	2511	
Phedimus_spurius		4201607	neither	21570	
Phleum_alpinum		8952395	arbuscular	43247	
Phleum_arenarium		2706011	neither	18539	
Phleum_hirsutum		4139625	arbuscular	3631	
Phleum_montanum		4139446	arbuscular	316	
Phlomis_crinita_subsp._malacitana		7307299		2551	ancestral
Phlomis_lychnitis		3887383		127734	derived
Phlomis_purpurea		7307046		28818	derived
Phlomoides_rotata		7980234		206	non-woody
Phlyctidocarpa_flava		3639514		11	non-woody
Phoenix_sylvestris	progenitor	5293177		132	
Phonus_arborescens		3138372		725	derived
Photinia_glabra		5363818	ecto	1393	
Photinia_prunifolia		5363844	arbuscular	521	
Photinia_villosa		5363819	arbuscular	3221	
Phragmites_vulgaris		5290149	arbuscular	519311	
Phyllostachys_reticulata		5677245	neither	2419	
Phyllostegia_grandiflora		2926448		256	derived
Physaria_fendleri		3049236		1534	derived
Physaria_ludoviciana		3048930		926	non-woody
Physocarpus_opulifolius		2988354	arbuscular	5886	
Phyteuma_hemisphaericum		3166609	neither	11618	
Phyteuma_orbiculare		3166655	arbuscular	42048	
Picramnia_antidesma		7329570	arbuscular	1562	
Pictetia_aculeata		5358205	arbuscular	178	
Pilosella_officinarum		7874303	arbuscular	332942	
Pimpinella_major		5371874	neither	76512	
Pinus_halepensis		5285604	ecto	351792	
Piper_multinervium		3086337	neither	9861	
Pipturus_albidus		7500826	arbuscular	1122	
Pipturus_argenteus		6414892	neither	3671	
Pistacia_lentiscus		3190583	arbuscular	172416	
Pithecellobium_clypearia		2941309	arbuscular	2140	
Pithecellobium_unguis-cati		2962854	neither	1904	
Plagiosiphon_emarginatus		2961132	arbuscular	313	
Planchonia_careya		5383741	arbuscular	5672	
Plantago_arborescens		9344408		153	derived
Plantago_famarae		4156521		24	derived
Plantago_fernandezia		4156493		15	derived
Plantago_lanceolata		8208358	arbuscular	717148	non-woody
Plantago_princeps_var._longibracteata		3189754		190	ancestral
Plantago_sempervirens		7303117		13900	non-woody
Plantago_trinitatis		4156058		9	derived
Plantago_virginica		3189751		3479	non-woody
Plantago_webbii		4155514		187	derived
Platanus_occidentalis		3152820	arbuscular	7665	
Platycyamus_regnellii		5358188	arbuscular	492	
Plectocephalus_americanus		3128990		1896	non-woody
Pleiacanthus_spinosus		3088912		552	derived
Pleuropterantha_revoilii		4931284		35	derived
Pluchea_carolinensis		3132710		2285	derived
Pluchea_dentex		3132656		818	non-woody
Pluchea_dioscoridis		3132635		1003	derived
Pluchea_dunlopii		3132615		511	derived
Pluchea_indica		3132728		1201	derived
Pluchea_oblongifolia		3132628		377	derived
Pluchea_odorata		3132617		4188	non-woody
Pluchea_sericea		3132675		1307	derived
Pluchea_sordida		3132726		86	derived
Poa_arctica_var._vivipara		2704207	neither	8187	
Poa_bulbosa_var._bulbosa		8086756	arbuscular	44964	
Poa_colensoi		4137991	arbuscular	5849	
Pogonarthria_squarrosa		4105701	arbuscular	1489	
Polemonium_boreale		2927837	neither	1332	
Polemonium_caucasicum		2927850	arbuscular	14493	
Polpoda_capensis		3783351		82	derived
Polygala_amara		4051803	neither	5353	
Polygala_calcarea		8169088	arbuscular	19060	
Polygala_comosa		7293616	arbuscular	26653	
Polygala_penaea		4050594	arbuscular	370	
Polygala_serpyllifolia		3191414	arbuscular	43035	
Polygonatum_verticillatum		2770004	neither	50422	
Polygonum_aviculare		7821030		343160	non-woody
Polygonum_maritimum		8195379		6182	derived
Porophyllum_gracile		3104005		1405	ancestral
Porophyllum_lanceolatum		3103995		616	ancestral
Porophyllum_punctatum		3104036		1238	derived
Porophyllum_ruderale		3103948		4582	non-woody
Porophyllum_viridiflorum		3103958		456	derived
Poskea_socotrana		3788535		32	derived
Potamogeton_perfoliatus		5301200	neither	64330	
Potentilla_anserina		5367246	arbuscular	335618	
Potentilla_hyparctica_subsp._elatior		5367620	neither	2945	
Potentilla_neumaniana		8182596	arbuscular	142896	
Pozoa_coriacea		3631939		201	non-woody
Prasium_majus		3898574		3605	ancestral
Pratia_angulata		3160243		3296	ancestral
Primula_auricula		7974503	arbuscular	9247	
Primula_farinosa		7931979	arbuscular	34197	
Primula_macrocalyx		8377689	arbuscular	200265	
Primula_pallasii		5414326	neither	109229	
Proserpinaca_palustris		2984291	arbuscular	2379	
Prosopis_africana		5358514	neither	3239	
Prosopis_articulata		5358550	arbuscular	179	
Prosopis_juliflora		5358460	arbuscular	4453	
Prosopis_nigra		5358478	arbuscular	428	
Prosopis_velutina		5358538	neither	1375	
Prunus_microcarpa		3021376	ecto	312	
Prunus_virginiana		3021850	arbuscular	117798	
Psammophora_modesta		5554732		115	derived
Psammotropha_quadrangularis		3783550		161	derived
Psathyrotes_ramosissima		3100729		458	non-woody
Pseudoclappia_arenaria		3096639		89	derived
Pseudopiptadenia_contorta		2952922	neither	1134	
Pseudopiptadenia_psilostachya		2952915	neither	797	
Pseudowintera_colorata		4020812	arbuscular	22655	
Pseuduvaria_trimera		3157738	neither	42	
Psiguria_bignoniacea		3624043		1722	non-woody
Psiguria_triphylla		3624442		953	derived
Psyllocarpus_laricoides		2907975		1039	derived
Pterocarpus_angolensis		5349240	arbuscular	1615	
Pterocarpus_lucens_subsp._lucens		5349254	neither	1262	
Pterocarpus_santalinoides		5349244	neither	4247	
Pterocaulon_sphacelatum		5392227		3128	non-woody
Pterocephalus_perennis		8320238		302	derived
Pterocephalus_plumosus		5671497		878	non-woody
Pterocephalus_spathulatus		8336328		425	derived
Pterodon_emarginatus		5342608	arbuscular	2289	
Pterostegia_drymarioides		2889362		1418	non-woody
Ptilostemon_chamaepeuce		3096862		772	derived
Ptilotus_obovatus		7323691		8407	derived
Puccinellia_macquariensis		4147702	arbuscular	134	
Puccinellia_maritima		2704687	neither	39669	
Puccinellia_nuttalliana		2704691	arbuscular	1696	
Pulicaria_dysenterica		3095609	arbuscular	104696	
Pulsatilla_vulgaris		3033621	neither	40785	
Pultenaea_daphnoides		2956339	arbuscular	9042	
Purshia_tridentata		5370313	arbuscular	2534	
Pycreus_flavescens		2730906	arbuscular	7354	
Pycreus_puncticulatus		2715643	neither	31	
Pygeum_topengii		3021682	arbuscular	211	
Pyrola_minor		2888272	ecto	67560	
Quercus_rotundifolia		2881550	ecto	1321016	
Quintinia_acutifolia		3932810	arbuscular	8616	
Radamaea_perrieri		3724548		29	derived
Raddiella_esenbeckii		4144842	arbuscular	631	
Ramonda_nathaliae		6365090		45	non-woody
Randonia_africana		3916683		189	derived
Ranunculus_acris		3033363	arbuscular	592789	
Recchia_mexicana		7898222	arbuscular	98	
Reseda_lutea		3040252		78363	non-woody
Reseda_scoparia		3916652		280	derived
Reseda_viridis		3916513		22	derived
Rhammatophyllum_pachyrhizum		3040770		28	derived
Rhamnus_alaternus		6371424	arbuscular	38398	
Rhaponticoides_ruthenica		3128403	arbuscular	169	
Rhaponticum_coniferum		3142200		16359	non-woody
Rhynchospora_alba		2721119	neither	51631	
Rhynchospora_cephalotes		2721655	arbuscular	3239	
Rhynchospora_corymbosa		2721495	arbuscular	6209	
Rhynchotechum_discolor		6365531		1153	derived
Rhytidophyllum_auriculatum		5415322		346	derived
Ribes_rubrum		2986097	arbuscular	99980	
Richardia_brasiliensis		5337499		3826	non-woody
Richteria_pyrethroides		5389430	arbuscular	608	
Romneya_coulteri		2888393		410	derived
Romneya_trichocalyx		2888394		218	ancestral
Rorippa_islandica		3053144	arbuscular	13887	
Rorippa_palustris		3053168	neither	102352	
Rosa_canina		3002461	arbuscular	266825	
Rosa_maximowicziana		3004857	arbuscular	459	
Rosa_pendulina		3006974	ecto	29517	
Rosa_persica		8258890	arbuscular	187	
Rosa_spinosissima		3002333	arbuscular	44013	
Rostraria_cristata		5289906	arbuscular	17407	
Roycea_divaricata		3759080		47	derived
Rubia_agostinhoi		2892366		3010	derived
Rubia_cordifolia		2892192		3204	non-woody
Rubia_fruticosa		2892284		1139	derived
Rubia_peregrina_subsp._longifolia		2892347		73159	ancestral
Rubia_tinctorum		2892272		3086	non-woody
Rubus_crataegifolius		2999200	neither	3734	
Rubus_fruticosus		2989764	arbuscular	271858	
Rubus_odoratus		2994912	arbuscular	6448	
Rubus_ulmifolius		2996929	arbuscular	89938	
Ruellia_angustiflora		8317800		1701	derived
Ruellia_blechum		5415469		3856	non-woody
Ruellia_brevicaulis		5575074		128	derived
Ruellia_brevifolia		5415377		2094	non-woody
Ruellia_foetida		5574618		320	derived
Ruellia_jaliscana		5574236		74	derived
Ruellia_nudiflora		5415380		2627	non-woody
Ruellia_parryi		5415413		163	derived
Ruellia_patula		5573538		1061	non-woody
Rumex_acetosa		2888951		579397	non-woody
Rumex_albescens		2888965		147	derived
Rumex_lunaria		4032398		1477	derived
Ruschia_cradockensis		7329291		174	derived
Ruschia_senaria		5555111		16	derived
Russelia_laciniata		8298868		385	derived
Rytidosperma_setifolium		4135675	arbuscular	2270	
Sagittaria_latifolia		5328909	arbuscular	8584	
Salicornia_europaea		5383956		23479	non-woody
Salix_aurita		5372876	ecto	151110	
Salix_humboldtiana		5372914	both	2942	
Salsola_genistoides		3759567		29132	ancestral
Salsola_tragus		7547827		21823	non-woody
Salvia_africana		3886290		530	derived
Salvia_cabulica		7306582		29	derived
Salvia_canariensis		7306552		526	derived
Salvia_coccinea		9278365		3689	non-woody
Salvia_corrugata		3905260		268	derived
Salvia_cuspidata		7309440		623	derived
Salvia_dentata		3904157		150	derived
Salvia_dominica		3903762		1021	derived
Salvia_fruticosa		6412283		1634	derived
Salvia_garipensis		8117604		124	derived
Salvia_haenkei		3900835		219	derived
Salvia_lavandulifolia		2927004		11744	ancestral
Salvia_leucantha		6411750		897	derived
Salvia_lyrata		2927027		4688	non-woody
Salvia_pratensis_subsp._pratensis		2927007		98246	non-woody
Salvia_regla		2927054		590	derived
Salvia_sagittata		3888514		283	derived
Salvia_sclarea		2927000		3508	non-woody
Salvia_sessei		3887736		487	derived
Salvia_tortuosa		7306887		376	derived
Salvia_verbenaca		6409706		40727	non-woody
Sambucus_racemosa_subsp._sieboldiana		2888723	neither	113717	
Samolus_valerandi		3169313	arbuscular	37853	
Santalum_acuminatum		3789456	neither	5748	
Santolina_villosa		3125952		7779	derived
Saraca_declinata		5359533	arbuscular	806	
Saranthe_composita		2762120	neither	85	
Sarcocornia_fruticosa		5567884		6356	derived
Sarcopoterium_spinosum		3001879	arbuscular	5180	
Sasa_veitchii		4128359	arbuscular	1061	
Saurauia_parviflora		7270726	arbuscular	4098	
Saussurea_alpina		5404542	arbuscular	31949	
Saussurea_nuda		5404462	neither	314	
Saxifraga_bronchialis		3032717	arbuscular	3972	
Saxifraga_cespitosa		3032796	neither	13723	
Saxifraga_granulata		7887000	arbuscular	85931	
Scaevola_angulata		5569324		372	derived
Scaevola_collaris		7842072		596	derived
Scaevola_ramosissima		7262317		3573	non-woody
Scaevola_taccada		7544936		4905	derived
Schiedea_ligustrina		5384436		146	derived
Schismus_barbatus		2704341	neither	9263	
Schizostephanus_alatus		3573762		69	derived
Schizotrichia_jelskii		5399434		9	derived
Schkuhria_pinnata		8346536		4679	non-woody
Schoenoplectiella_juncoides		2710716	neither	2940	
Schoenoplectiella_supina		2710765	arbuscular	1706	
Schoenoplectus_lacustris		2710941	neither	71066	
Schoenoplectus_pungens_var._badius		2711190	arbuscular	7746	
Schoepfia_brasiliensis		3685706	arbuscular	957	
Schotia_brachypetala		2959242	arbuscular	824	
Scirpus_atrovirens		2720120	arbuscular	3462	
Scirpus_cyperinus		2720171	arbuscular	6036	
Scirpus_sylvaticus		2720080	neither	166018	
Scleria_gaertneri		6311944	arbuscular	4725	
Sclerolaena_diacantha		8199472		12940	ancestral
Sclerolaena_obliquicuspis		7879268		6029	derived
Scopelogena_bruynsii		3707130		20	derived
Scorzonera_humilis		3111049	arbuscular	63522	
Scorzoneroides_autumnalis		3133512	arbuscular	255950	
Scrobicaria_ilicifolia		3087088		489	derived
Scrophularia_auriculata		3170875		82847	non-woody
Scrophularia_deserti		3738208		229	derived
Scrophularia_desertorum		3170883		181	ancestral
Scrophularia_frutescens_var._frutescens		8132017		771	derived
Scrophularia_glabrata		8044991		426	derived
Scrophularia_kurdica_subsp._glabra		7332869		27	derived
Scrophularia_lanceolata		3170878		2081	non-woody
Scrophularia_leucoclada		3737217		30	derived
Scrophularia_libanotica_subsp._libanotica		7332837		136	derived
Scrophularia_nodosa		3170886		187488	non-woody
Scrophularia_striata		3735699		92	derived
Scrophularia_xanthoglossa		3735218		933	non-woody
Secale_vavilovii	progenitor	4121006		219	
Securidaca_diversifolia		5421445	arbuscular	2401	
Sedum_acre		5362007		153241	non-woody
Sedum_adolphii		5690070	arbuscular	54	
Sedum_album		5362008	neither	103540	
Sedum_alpestre		7334006	neither	5966	
Sedum_anglicum		5687974		19894	non-woody
Sedum_moranense		5362028		614	derived
Sedum_praealtum		5362012		301	derived
Sedum_sarmentosum		5362004	arbuscular	2484	
Senecio_arenarius		8317215		522	non-woody
Senecio_burchellii		3107727		796	derived
Senecio_filaginoides		3108649		638	derived
Senecio_flaccidus		3108316		4526	non-woody
Senecio_glastifolius		8419686		468	derived
Senecio_inaequidens		3109086		79037	ancestral
Senecio_linifolius			arbuscular		derived
Senecio_madagascariensis		3107722		10418	derived
Senecio_minimus		4933577		6354	non-woody
Senecio_monroi		3138434		120	derived
Senecio_pinifolius		8372099		314	derived
Senecio_pubiger		3106831		342	derived
Senecio_seminiveus		4218530		86	derived
Senecio_smithii		3108356		276	non-woody
Senecio_spartioides		3107552		1205	ancestral
Senecio_viridis		8284870		150	derived
Senecio_viscosus		3107855	arbuscular	67526	
Senecio_vulgaris		3108983		268442	non-woody
Senegalia_catechu		3796190	arbuscular	398	
Senegalia_glomerosa		2980360	ecto	5045	
Senegalia_senegal		3977346	ecto	3425	
Senegalia_tenuifolia		2979126	ecto	2421	
Senegalia_visco		9657641	arbuscular	327	
Serratula_tinctoria_subsp._tinctoria		5388835	arbuscular	44927	non-woody
Sesbania_sesban		2970648	arbuscular	4109	
Sesuvium_congense		3707049		18	derived
Sesuvium_edmonstonei		3706995		73	derived
Sesuvium_hydaspicum		3706728		402	non-woody
Sesuvium_portulacastrum		3084883		6230	derived
Sesuvium_verrucosum		3084886		976	ancestral
Setaria_glauca		5828197	arbuscular	65507	
Shepherdia_canadensis		5372427	arbuscular	5013	
Sibbaldianthe_bifurca		3000723	arbuscular	1980	
Sicyos_angulatus		2874655		2948	non-woody
Sicyos_lanceoloideus		3624426		82	derived
Sida_ammophila		5617250	neither	1755	
Sideritis_barbellata		3892304		36	derived
Sideritis_cretica_subsp._spicata		7862362		223	derived
Sideritis_romana		2926687		5939	non-woody
Sigesbeckia_orientalis		3125901		10502	non-woody
Silene_antirrhina		5384747		4385	non-woody
Silene_degeneri		5384840		5	derived
Silene_flos-cuculi		5384738	neither	288162	non-woody
Silene_fruticosa		8281741		242	derived
Silene_hawaiiensis		5384770		92	derived
Silene_nutans		5384781		89424	non-woody
Silene_struthioloides		5384814		83	derived
Sinapidendron_frutescens		3047763		97	derived
Sinclairia_discolor		5389382		408	ancestral
Siparuna_guianensis		7264535	arbuscular	7748	
Sisymbrium_altissimum		3046736	neither	24438	
Sisymbrium_irio		3046851	arbuscular	19095	
Solanum_anceps		2929475		1230	derived
Solanum_appendiculatum		2929544		993	derived
Solanum_bukasovii_f._multidissectum	progenitor	7299615		1191	
Solanum_dulcamara		2932737		265340	non-woody
Solanum_habrochaites		2929599		1908	derived
Solanum_lycopersicum		2930137		83829	non-woody
Solanum_ochranthum		2929382		693	derived
Solanum_tabanoense		2930434		78	derived
Solanum_torvum		2932389		11990	ancestral
Solena_heterophylla		5536848		1544	non-woody
Solidago_virgaurea		6446462	arbuscular	237003	
Sonchus_asper		3105782		258525	non-woody
Sonchus_canariensis		3105785		112	derived
Sonchus_hierrensis		3105828		443	derived
Sonchus_oleraceus		8228544	arbuscular	239932	
Sophora_japonica		2963569	neither	2081	
Sophora_microphylla		2959082	neither	2053	
Sorbus_sibirica		3012167	arbuscular	474607	
Sorghum_arundinaceum	progenitor	4108497		3351	
Souroubea_guianensis		7275879	arbuscular	1234	
Soyauxia_gabonensis		3874443	arbuscular	329	
Sparganium_eurycarpum		2702394	arbuscular	2597	
Sparganium_natans		2702384	neither	29726	
Spermacoce_capitata		2892008		2908	non-woody
Spermacoce_dispersa		2918464		37	derived
Sphaerophysa_salsula		5353525		597	non-woody
Spiraea_chamaedryfolia		3026406	arbuscular	3851	
Spirodela_polyrhiza		4097481	arbuscular	85013	
Sporobolus_africanus		4152259	arbuscular	9753	
Sporobolus_anglicus		9398259	neither	21745	
Sporobolus_cryptandrus		2704769	arbuscular	4711	
Sporobolus_michauxianus		9592414	arbuscular	3615	
Sporobolus_rigidus		9278137	arbuscular	1334	
Stachys_sylvatica		2927282		232167	non-woody
Staehelina_dubia		3112552		18165	derived
Stanleya_pinnata		5373733		2224	derived
Staphylea_bumalda		7326549	arbuscular	5759	
Staphylea_pinnata		3686235	neither	2361	
Stauntonia_hexaphylla		4191611	arbuscular	1433	
Stenaria_nigricans		2909424		3781	non-woody
Stenopetalum_decipiens		3042367		376	derived
Stenopetalum_nutans		3042358		722	non-woody
Stephanomeria_guadalupensis		3141087		25	derived
Stephanomeria_pauciflora		3141076		2251	non-woody
Stevenia_canescens		7682192		21	derived
Stevenia_dahurica		3045086		36	derived
Stevenia_maximowiczii		3052553		327	non-woody
Stictocardia_tiliifolia		3677765		960	derived
Stipagrostis_pennata		4130370	neither	188	
Stipagrostis_uniplumis_var._uniplumis		4130126	arbuscular	2046	
Streblorrhiza_speciosa		2958136		10	derived
Streptanthella_longirostris		3041931		1071	non-woody
Streptanthus_tortuosus		3041559		1423	non-woody
Streptocarpus_campanulatus		5591400		46	derived
Streptocarpus_grandis		6365569		178	non-woody
Streptocarpus_papangae		5590685		57	derived
Streptoglossa_decurrens		3127352		871	derived
Streptoglossa_odora		3127351		980	non-woody
Strongylodon_craveniae		2981517	neither	227	
Stryphnodendron_adstringens		2951737	arbuscular	1476	
Stylidium_glandulosum		5543618		44	derived
Stylidium_graminifolium		7334893		16279	non-woody
Styloceras_laurifolium		5635350	arbuscular	273	
Stylogyne_turbacensis		7331069	arbuscular	868	
Styrax_japonicus		5371678	arbuscular	8764	
Suaeda_australis		3757896		3513	ancestral
Suaeda_maritima		3083541		39864	non-woody
Suaeda_micromeris		3756821		7	derived
Suaeda_nigra		3083536		1224	non-woody
Suaeda_physophora		3756467		102	ancestral
Suaeda_vera		6035538		7099	derived
Succisa_pratensis		2888811	arbuscular	229755	
Sutherlandia_frutescens		5358193		926	derived
Swainsona_microphylla_subsp._glabrescens		2943452		1869	non-woody
Swainsona_phacoides		2943486	arbuscular	1595	
Swartzia_simplex		5352047	neither	2909	
Symbolanthus_calygonus		8184585		572	derived
Symplocos_stawellii		7318817	arbuscular	7719	
Syncarpha_milleflora		3131924		708	derived
Syncarpha_vestita		3149783		907	non-woody
Tacca_chantrieri		2755905	neither	419	
Tachiadenus_longiflorus		3839953		219	derived
Tachigali_peruviana		2952587	neither	1818	
Tagetes_dianthiflora		4235615		8	derived
Tagetes_minuta		3088481		5708	non-woody
Tamarindus_indica		2975768	arbuscular	7297	
Tanacetum_balsamita		3118254	arbuscular	1284	
Tanacetum_cinerariifolium		3118284	arbuscular	656	
Tanacetum_coccineum		3118616	neither	645	
Tanacetum_corymbosum_subsp._corymbosum		3118216	arbuscular	31204	
Tanacetum_parthenifolium		3118514	neither	410	
Tanacetum_vulgare		3118274		212785	non-woody
Taraxacum_arcticum		5394461	neither	614	
Tarchonanthus_camphoratus		3141279	arbuscular	1170	
Taverniera_spartea		2970311		77	derived
Tecticornia_indica_subsp._leiostachya		7340130		2933	ancestral
Telopea_speciosissima		3996729	arbuscular	1477	
Tephroseris_atropurpurea		3130950	arbuscular	4702	
Tephroseris_palustris_subsp._congesta		7363445	neither	6380	
Tessaria_integrifolia		3114910		1301	derived
Tetramerista_glabra		3593837	arbuscular	287	
Tetraria_capillaris		2718441	arbuscular	3060	
Thelypodium_integrifolium		3053589		563	non-woody
Thinopyrum_pungens		5289896	neither	9201	
Thlaspi_apterocarpum		3052731		11	derived
Thlaspi_arvense		3047598		202691	non-woody
Thlaspi_montanum		9170718	arbuscular	109	
Thlaspi_perfoliatum		3050631	neither	36583	
Thottea_corymbosa		3588777		85	derived
Thymbra_capitata		5607804	ecto	48561	
Thymelaea_hirsuta		5523602	neither	12737	
Thysanocarpus_curvipes		3051417		3376	non-woody
Ticorea_tubiflora		3835658	arbuscular	197	
Tilia_americana		3152042	ecto	10702	
Tiquilia_greggii		8544519		483	derived
Tofieldia_calyculata		2864397	arbuscular	23533	
Tofieldia_coccinea		2864343	neither	1511	
Tolpis_barbata		3097166		10422	non-woody
Tolpis_farinulosa		3097147		38	derived
Tolpis_succulenta		3097207		2684	derived
Tornabenea_bischoffii		9274979		36	derived
Tradescantia_zebrina		2765359	neither	1835	
Tragopogon_pratensis		5386897	arbuscular	144038	
Trema_micrantha		7141666	arbuscular	12198	
Tribulus_cistoides		5421117	neither	3712	
Tribulus_terrestris		5421116	arbuscular	17464	
Trichogonia_hirtiflora		5387739		503	derived
Trifolium_repens		5358748	arbuscular	695678	non-woody
Tripleurospermum_maritimum_subsp._inodorum		3104179	arbuscular	150089	
Tripolium_pannonicum		3098616	arbuscular	60945	
Triraphis_mollis		7361239	arbuscular	2862	
Trisetum_flavescens		2704389	arbuscular	132317	
Triticum_dicoccoides	progenitor	8651300		1517	
Triticum_spelta		7795888	arbuscular	521316	
Triticum_urartu	progenitor	2706411		2859	
Tropaeolum_majus		2889934	arbuscular	9098	
Turbina_corymbosa		5341706		2255	derived
Turbina_oblongata		5548802		314	non-woody
Ulex_minor		2951968	neither	17610	
Ulex_parviflorus_subsp._eriocladus		2952000	arbuscular	89601	
Ulmus_carpinifolia		5361865	arbuscular	127029	
Uniola_paniculata		2702847	arbuscular	901	
Urera_caracasana		2984335	neither	2936	
Urera_glabra		2984330	arbuscular	372	
Ursinia_anthemoides		3089033	arbuscular	1129	
Urtica_dioica		7960979		869192	non-woody
Urtica_domingensis		7300680		11	derived
Urtica_ferox		5670293		1555	ancestral
Urtica_urens		5361815	neither	73465	
Vachellia_campechiana		7266124	arbuscular	1021	
Vachellia_constricta		3795576	arbuscular	1184	
Vachellia_cornigera		3795572	ecto	752	
Vachellia_macracantha		3795445	ecto	1793	
Vachellia_nilotica		3974744	arbuscular	4183	
Vachellia_seyal		3974722	ecto	3983	
Valeriana_alypifolia		7298885		87	derived
Valeriana_arborea		4095207		65	derived
Valeriana_clematitis		4095577		685	derived
Valeriana_decussata		7834110		155	derived
Valeriana_dioica		2888762	neither	74994	
Valeriana_microphylla		4095247		1546	derived
Valeriana_nivalis		4094911		156	non-woody
Valeriana_officinalis		2888763		257626	non-woody
Valeriana_pilosa		8083409		1409	non-woody
Valeriana_polystachya		7298904		188	non-woody
Valeriana_rigida		4094868		321	derived
Valeriana_tomentosa		4094856		131	derived
Valerianella_locusta		2888778	arbuscular	59587	
Vallisneria_spiralis		2865526	arbuscular	3409	
Vanda_brunnea		2783189	arbuscular	34	
Vanzijlia_annulata		3703378		89	ancestral
Varilla_mexicana		3118742		135	derived
Varthemia_persica		3148613		134	derived
Vatairea_macrocarpa		2965132	arbuscular	703	
Vella_spinosa		5375666		1365	derived
Verbascum_cystolithicum		3740337		9	derived
Verbascum_spinosum		3735884		87	derived
Verbascum_thapsus		3171949		107599	non-woody
Veronica_chamaedrys		7874883		341220	non-woody
Veronica_derwentiana_subsp._maideniana		7332357		3884	derived
Veronica_hectorii_subsp._coarctata		5830297		681	ancestral
Veronica_lavaudiana		3730006		133	derived
Veronica_longifolia		3172118		24623	non-woody
Veronica_macrantha		3729676		390	derived
Veronica_plebeia		3172117		9467	non-woody
Veronica_salicifolia		7331824		3654	derived
Veronica_speciosa		3172028		314	derived
Veronica_tetragona		7331657		552	derived
Veronica_tubata		3724701		63	derived
Veronica_venustula		3724463		247	derived
Verreauxia_reinwardtii		5569372		253	derived
Viburnum_dilatatum		2888584	neither	5285	
Viburnum_orientale		3857121	arbuscular	53	
Viguiera_dentata		5389737		3717	non-woody
Viguiera_stenoloba		9292233		945	ancestral
Viguieranthus_longiracemosus		2967957	arbuscular	12	
Vincetoxicum_hirundinaria		5414548		68824	non-woody
Viola_canina		5331258	neither	108504	
Viola_chamissoniana_subsp._tracheliifolia		5331174		395	derived
Viola_riviniana		7296321	arbuscular	211728	non-woody
Viola_sagittata		5331364		4102	non-woody
Viola_wailenalenae		5331301		56	derived
Virola_sebifera		3152846	arbuscular	5296	
Viscainoa_geniculata		7285858	arbuscular	445	
Vitellaria_paradoxa		2886750	arbuscular	15431	
Vouacapoua_pallidior		2940385	arbuscular	119	
Vriesea_limae		5289018	arbuscular	18	
Wahlenbergia_cinerea		5410907		297736	derived
Wahlenbergia_hederacea		9612996		15097	non-woody
Wahlenbergia_thunbergiana		5413609		123	derived
Weigela_florida		2888730	neither	3232	
Weigela_suavis		3856132	arbuscular	8	
Weigela_subsessilis		3856121	arbuscular	2156	
Wisteria_floribunda		2977323	neither	3083	
Wisteria_sinensis		2977331	arbuscular	1964	
Xanthophyllum_flavescens		7580773	arbuscular	1073	
Xanthorhiza_simplicissima		3033662		1269	derived
Xeranthemum_inapertum		3144041		7467	non-woody
Xylia_evansii		2943690	neither	259	
Xylorhiza_orcuttii		5396052		2484	derived
Zannichellia_palustris		2756540	arbuscular	43367	
Zea_mays		5290052	arbuscular	237750	
Zea_mays_subsp._parviglumis	progenitor	5678457		1254	
Zeuktophyllum_suppositum		8658704		9	derived
Zilla_spinosa_subsp._spinosa		5376128		1100	derived
Ziziphus_mauritiana		3039424	arbuscular	4657	
Zoysia_tenuifolia		2704740	arbuscular	1332	
Zygia_longifolia		5347452	neither	1295	
Zygia_racemosa		5580471	arbuscular	535	
x_Calammophila_baltica		4106313	neither	1986	
