family	allmb_name	gbif_species_key	num_occurrences	crop_state	myco_state	woody_state
Acanthaceae	Ruellia_brevicaulis	5575074	128			derived
Acanthaceae	Ruellia_parryi	5415413	163			derived
Acanthaceae	Ruellia_foetida	5574618	320			derived
Acanthaceae	Ruellia_patula	5573538	1061			non-woody
Acanthaceae	Ruellia_angustiflora	8317800	1701			derived
Acanthaceae	Ruellia_brevifolia	5415377	2094			non-woody
Acanthaceae	Ruellia_nudiflora	5415380	2627			non-woody
Acanthaceae	Ruellia_blechum	5415469	3856			non-woody
Actinidiaceae	Actinidia_kolomikta	7270682	1764		neither	
Actinidiaceae	Actinidia_polygama	3189692	2735		neither	
Actinidiaceae	Actinidia_arguta	3189693	3696		arbuscular	
Actinidiaceae	Saurauia_parviflora	7270726	4098		arbuscular	
Adoxaceae	Viburnum_dilatatum	2888584	5285		neither	
Adoxaceae	Sambucus_racemosa_subsp._sieboldiana	2888723	113717		neither	
Aextoxicaceae	Aextoxicon_punctatum	4195638	345		arbuscular	
Aizoaceae	Psammophora_modesta	5554732	115			derived
Aizoaceae	Lithops_karasmontana_var._karasmontana	7329209	136			ancestral
Aizoaceae	Fenestraria_rhopalophylla	7329187	148			non-woody
Aizoaceae	Argyroderma_fissum	3705796	158			non-woody
Aizoaceae	Ruschia_cradockensis	7329291	174			derived
Aizoaceae	Drosanthemum_hispidum	3084869	268			derived
Aizoaceae	Sesuvium_hydaspicum	3706728	402			non-woody
Aizoaceae	Leipoldtia_schultzei	3704248	484			derived
Aizoaceae	Disphyma_australe_subsp._australe	7552617	545			non-woody
Aizoaceae	Drosanthemum_floribundum	3084872	737			derived
Aizoaceae	Sesuvium_verrucosum	3084886	976			ancestral
Aizoaceae	Sesuvium_portulacastrum	3084883	6230			derived
Aizoaceae	Mesembryanthemum_crystallinum	3084839	6316			non-woody
Aizoaceae	Carpobrotus_edulis	3084842	7359			ancestral
Alismataceae	Echinodorus_grandiflorus	5328834	1148		neither	
Alismataceae	Sagittaria_latifolia	5328909	8584		arbuscular	
Alismataceae	Baldellia_ranunculoides	2864546	19645		arbuscular	
Alismataceae	Alisma_plantago-aquatica	2865100	193146		neither	
Alseuosmiaceae	Alseuosmia_macrophylla	3686201	3008		arbuscular	
Altingiaceae	Liquidambar_styraciflua	3152824	10513		arbuscular	
Amaranthaceae	Leucosphaera_bainesii	5548611	292			ancestral
Amaranthaceae	Bosea_yervamora	9460392	305			derived
Amaranthaceae	Charpentiera_obovata	5384317	353			derived
Amaranthaceae	Ptilotus_obovatus	7323691	8407			derived
Amaranthaceae	Amaranthus_retroflexus	6109534	46977			non-woody
Amborellaceae	Amborella_trichopoda	3667902	6092		arbuscular	
Anacardiaceae	Mangifera_sylvatica	3662046	148	progenitor		
Anacardiaceae	Pistacia_lentiscus	3190583	172416		arbuscular	
Anisophylleaceae	Combretocarpus_rotundatus	3658134	191		neither	
Anisophylleaceae	Anisophyllea_purpurascens	3658103	463		arbuscular	
Apiaceae	Gymnophyton_polycephalum	3125344	167			derived
Apiaceae	Daucus_decipiens	9244277	177			derived
Apiaceae	Lomatium_parvifolium	3034284	192			non-woody
Apiaceae	Pozoa_coriacea	3631939	201			non-woody
Apiaceae	Myrrhidendron_donnell-smithii	7363341	300			derived
Apiaceae	Bupleurum_salicifolium	7605240	313			derived
Apiaceae	Niphogeton_dissecta	6027423	521			non-woody
Apiaceae	Eryngium_ovinum	3628924	4758			non-woody
Apiaceae	Bupleurum_tenuissimum	3635987	8086			ancestral
Apiaceae	Bupleurum_fruticescens_subsp._spinosum	6027094	16906			non-woody
Apiaceae	Bupleurum_falcatum	6027105	42569			non-woody
Apiaceae	Pimpinella_major	5371874	76512		neither	
Apiaceae	Eryngium_campestre	3034426	113569			non-woody
Apiaceae	Daucus_carota	3034742	345220			non-woody
Apocynaceae	Matelea_cordifolia	9749570	129			ancestral
Apocynaceae	Matelea_pedalis	7311660	166			derived
Apocynaceae	Leptadenia_arborea	3580344	256			derived
Apocynaceae	Matelea_maritima	3170535	437			non-woody
Apocynaceae	Asclepias_albicans	3170348	472			derived
Apocynaceae	Hoya_carnosa	8658195	529			derived
Apocynaceae	Ditassa_retusa	3579540	584			derived
Apocynaceae	Cynanchum_floribundum	5525679	808			derived
Apocynaceae	Minaria_acerosa	3577092	873			derived
Apocynaceae	Blepharodon_mucronatum	9763251	1638			non-woody
Apocynaceae	Marsdenia_viridiflora	7311998	2633			non-woody
Apocynaceae	Cynanchum_acutum	3571089	5107			non-woody
Apocynaceae	Marsdenia_rostrata	7312090	6090			ancestral
Apocynaceae	Calotropis_procera	5414566	6100			derived
Apocynaceae	Gomphocarpus_fruticosus	7150619	6555			ancestral
Apocynaceae	Asclepias_syriaca	3170247	15208			non-woody
Apocynaceae	Vincetoxicum_hirundinaria	5414548	68824			non-woody
Aquifoliaceae	Ilex_verticillata	5414267	7211		arbuscular	
Araceae	Colocasia_lihengiae	5330771	4	progenitor		
Araceae	Colocasia_yunnanensis	5330769	110	progenitor		
Araceae	Colocasia_formosana	5330776	9238	progenitor		
Araceae	Calla_palustris	2869101	40306		neither	
Araceae	Spirodela_polyrhiza	4097481	85013		arbuscular	
Araceae	Arum_maculatum	5330580	146607		arbuscular	
Araceae	Lemna_minor	2867589	198004		neither	
Araliaceae	Hedera_helix	8351737	450437		arbuscular	
Arecaceae	Phoenix_sylvestris	5293177	132	progenitor		
Arecaceae	Metroxylon_sagu	2733781	207	undifferentiated		
Arecaceae	Cocos_nucifera	2735117	5604	undifferentiated		
Arecaceae	Oenocarpus_bataua	2735462	53097		arbuscular	
Aristolochiaceae	Aristolochia_maxima	2873997	1006			ancestral
Aristolochiaceae	Aristolochia_rotunda	2874019	4736			non-woody
Asparagaceae	Chrysodracon_hawaiiensis	5304685	114		arbuscular	
Asparagaceae	Polygonatum_verticillatum	2770004	50422		neither	
Asteraceae	Dendrosenecio_kilimanjari_subsp._cottonii	3118072	102			derived
Asteraceae	Lordhowea_insularis	5401102	103			derived
Asteraceae	Munzothamnus_blairii	3144086	103			derived
Asteraceae	Dendrophorbium_bomanii	3106963	106			derived
Asteraceae	Coreocarpus_dissectus	3122462	110			derived
Asteraceae	Sonchus_canariensis	3105785	112			derived
Asteraceae	Oligochaeta_ramosa	9478654	115			non-woody
Asteraceae	Senecio_monroi	3138434	120			derived
Asteraceae	Arctotis_cuprea	8234487	123			derived
Asteraceae	Faujasia_squamosa	5400134	123			derived
Asteraceae	Dubautia_latifolia	3134897	124			derived
Asteraceae	Brickellia_nutanticeps	5388387	127			derived
Asteraceae	Narvalina_domingensis	8324858	132			derived
Asteraceae	Varthemia_persica	3148613	134			derived
Asteraceae	Varilla_mexicana	3118742	135			derived
Asteraceae	Coreopsis_fasciculata	3134008	144			derived
Asteraceae	Helichrysum_stuhlmannii	3131434	147			derived
Asteraceae	Senecio_viridis	8284870	150			derived
Asteraceae	Flaveria_pringlei	3086832	152			non-woody
Asteraceae	Doronicum_macrophyllum	8292300	155		arbuscular	
Asteraceae	Karelinia_caspia	3130922	159			non-woody
Asteraceae	Bahia_ambrosioides	3095499	160			ancestral
Asteraceae	Lundinia_plumbea	5402472	160			derived
Asteraceae	Rhaponticoides_ruthenica	3128403	169		arbuscular	
Asteraceae	Artemisia_arenaria	3121476	170		arbuscular	
Asteraceae	Deinandra_clementina	3106607	172			derived
Asteraceae	Monarrhenus_salicifolius	3114377	172			derived
Asteraceae	Helichrysum_citrispinum	3131876	182			derived
Asteraceae	Dubautia_knudsenii_subsp._knudsenii	3134875	183			derived
Asteraceae	Haplopappus_glutinosus	3100503	197			derived
Asteraceae	Helichrysum_niveum	7926500	208			derived
Asteraceae	Jessea_multivenia	3119954	212			non-woody
Asteraceae	Cousinia_microcarpa	3101933	215		arbuscular	
Asteraceae	Constancea_nevinii	3103322	233			derived
Asteraceae	Ligularia_vellerea	5395551	239		arbuscular	
Asteraceae	Brickellia_scoparia	5388397	240			ancestral
Asteraceae	Pericallis_cruenta	8303747	242			non-woody
Asteraceae	Erigeron_ecuadoriensis	3146961	250			non-woody
Asteraceae	Centaurea_spinosa	3128393	258			derived
Asteraceae	Desmanthodium_fruticosum	3109868	265			derived
Asteraceae	Centaurea_pulchella	3128723	270		neither	
Asteraceae	Senecio_smithii	3108356	276			non-woody
Asteraceae	Gorteria_alienata	9597549	280			derived
Asteraceae	Artemisia_armeniaca	8366310	288		arbuscular	
Asteraceae	Adenophyllum_cooperi	3132223	290			derived
Asteraceae	Hirpicium_bechuanense	3114489	290			derived
Asteraceae	Hirpicium_echinus	3114448	293			non-woody
Asteraceae	Grindelia_chiloensis	3146198	307			ancestral
Asteraceae	Argyroxiphium_sandwicense	3118115	308			derived
Asteraceae	Saussurea_nuda	5404462	314		neither	
Asteraceae	Senecio_pinifolius	8372099	314			derived
Asteraceae	Encelia_canescens	8035320	326			ancestral
Asteraceae	Gonospermum_fruticosum	3117131	330			derived
Asteraceae	Dubautia_ciliolata_subsp._glutinosa	3134942	333			ancestral
Asteraceae	Helichrysum_callicomum	3131224	339			derived
Asteraceae	Senecio_pubiger	3106831	342			derived
Asteraceae	Helichrysum_melanacme	3131968	347			derived
Asteraceae	Helichrysum_patulum	3131832	364			non-woody
Asteraceae	Centaurea_macrocephala	3129064	370			non-woody
Asteraceae	Pluchea_oblongifolia	3132628	377			derived
Asteraceae	Artemisia_marschalliana	6064178	388		arbuscular	
Asteraceae	Bidens_menziesii_subsp._menziesii	5392027	398			derived
Asteraceae	Sinclairia_discolor	5389382	408			ancestral
Asteraceae	Tanacetum_parthenifolium	3118514	410		neither	
Asteraceae	Culcitium_canescens	3108405	425			non-woody
Asteraceae	Gazania_lichtensteinii	3112467	431			non-woody
Asteraceae	Adenophyllum_porophyllum	3132238	436			non-woody
Asteraceae	Holocarpha_virgata	3091313	437			non-woody
Asteraceae	Arctotis_stoechadifolia	5406226	440			non-woody
Asteraceae	Sonchus_hierrensis	3105828	443			derived
Asteraceae	Porophyllum_viridiflorum	3103958	456			derived
Asteraceae	Psathyrotes_ramosissima	3100729	458			non-woody
Asteraceae	Launaea_sarmentosa	3144718	464			non-woody
Asteraceae	Helichrysum_glumaceum	3131195	468			derived
Asteraceae	Senecio_glastifolius	8419686	468			derived
Asteraceae	Scrobicaria_ilicifolia	3087088	489			derived
Asteraceae	Trichogonia_hirtiflora	5387739	503			derived
Asteraceae	Pluchea_dunlopii	3132615	511			derived
Asteraceae	Jurinea_mollis	6444162	517			non-woody
Asteraceae	Senecio_arenarius	8317215	522			non-woody
Asteraceae	Pleiacanthus_spinosus	3088912	552			derived
Asteraceae	Dubautia_laxa	3134895	574			derived
Asteraceae	Helichrysum_trilineatum	3131483	575			derived
Asteraceae	Artemisia_borealis	8122301	582		neither	
Asteraceae	Leptosyne_bigelovii	9525084	585			non-woody
Asteraceae	Richteria_pyrethroides	5389430	608		arbuscular	
Asteraceae	Taraxacum_arcticum	5394461	614		neither	
Asteraceae	Porophyllum_lanceolatum	3103995	616			ancestral
Asteraceae	Leptosyne_gigantea	3134001	621			derived
Asteraceae	Senecio_filaginoides	3108649	638			derived
Asteraceae	Tanacetum_coccineum	3118616	645		neither	
Asteraceae	Pegolettia_retrofracta	3139183	656			derived
Asteraceae	Tanacetum_cinerariifolium	3118284	656		arbuscular	
Asteraceae	Carlina_salicifolia	3105400	696			derived
Asteraceae	Syncarpha_milleflora	3131924	708			derived
Asteraceae	Phonus_arborescens	3138372	725			derived
Asteraceae	Noticastrum_marginatum	3110254	759			derived
Asteraceae	Ptilostemon_chamaepeuce	3096862	772			derived
Asteraceae	Echinops_spinosissimus	5392840	787		neither	
Asteraceae	Packera_cymbalaria	3113982	795		neither	
Asteraceae	Senecio_burchellii	3107727	796			derived
Asteraceae	Pluchea_dentex	3132656	818			non-woody
Asteraceae	Helichrysum_zeyheri	3131741	819			derived
Asteraceae	Hazardia_squarrosa	5389275	843			derived
Asteraceae	Streptoglossa_decurrens	3127352	871			derived
Asteraceae	Helichrysum_filicaule	3131313	895			non-woody
Asteraceae	Syncarpha_vestita	3149783	907			non-woody
Asteraceae	Helichrysum_rugulosum	3132033	908			derived
Asteraceae	Calea_jamaicensis	3147667	919			derived
Asteraceae	Brickellia_tomentella	5388336	923			derived
Asteraceae	Amblyopappus_pusillus	3140179	934			non-woody
Asteraceae	Viguiera_stenoloba	9292233	945			ancestral
Asteraceae	Coreopsis_mutica_var._carnosifolia	8872556	958			derived
Asteraceae	Peucephyllum_schottii	3151869	966			derived
Asteraceae	Bidens_segetum	5391954	978			derived
Asteraceae	Streptoglossa_odora	3127351	980			non-woody
Asteraceae	Isocoma_acradenia_var._eremophila	3099243	990			non-woody
Asteraceae	Pluchea_dioscoridis	3132635	1003			derived
Asteraceae	Hilliardiella_oligocephala	3124745	1030			non-woody
Asteraceae	Chrysactinia_mexicana	3151386	1039			derived
Asteraceae	Launaea_lanifera	3144842	1122			derived
Asteraceae	Ursinia_anthemoides	3089033	1129		arbuscular	
Asteraceae	Eriophyllum_staechadifolium	6443404	1132			derived
Asteraceae	Tarchonanthus_camphoratus	3141279	1170		arbuscular	
Asteraceae	Chrysanthemum_zawadskii	3150753	1171		arbuscular	
Asteraceae	Pluchea_indica	3132728	1201			derived
Asteraceae	Senecio_spartioides	3107552	1205			ancestral
Asteraceae	Hieracium_echioides	9457353	1216		arbuscular	
Asteraceae	Aster_albescens_var._albescens	5387533	1230			derived
Asteraceae	Flaveria_bidentis	3086861	1235			non-woody
Asteraceae	Porophyllum_punctatum	3104036	1238			derived
Asteraceae	Dasyphyllum_brasiliense	5389251	1253		arbuscular	
Asteraceae	Tanacetum_balsamita	3118254	1284		arbuscular	
Asteraceae	Artemisia_pontica	8195160	1287		arbuscular	
Asteraceae	Tessaria_integrifolia	3114910	1301			derived
Asteraceae	Pluchea_sericea	3132675	1307			derived
Asteraceae	Cratystylis_conocephala	3098621	1345			derived
Asteraceae	Achillea_setacea	3120066	1350		neither	
Asteraceae	Porophyllum_gracile	3104005	1405			ancestral
Asteraceae	Argyranthemum_frutescens	3104491	1435			derived
Asteraceae	Kleinia_neriifolia	5405673	1453			derived
Asteraceae	Helichrysum_foetidum	7438716	1508			non-woody
Asteraceae	Monticalia_vaccinioides	3111221	1514			derived
Asteraceae	Hymenostephium_cordatum	3100271	1551			derived
Asteraceae	Calea_ternifolia	8388990	1738			non-woody
Asteraceae	Gazania_krebsiana	3112466	1861			non-woody
Asteraceae	Chiliadenus_iphionoides	3089836	1888			derived
Asteraceae	Plectocephalus_americanus	3128990	1896			non-woody
Asteraceae	Layia_glandulosa	5392986	2026			non-woody
Asteraceae	Klasea_flavescens_subsp._flavescens	3091206	2096			non-woody
Asteraceae	Centaurea_diffusa	3128962	2137			non-woody
Asteraceae	Cheirolophus_intybaceus_var._microcephalus	3097063	2166			derived
Asteraceae	Petasites_spurius	7675973	2248		arbuscular	
Asteraceae	Stephanomeria_pauciflora	3141076	2251			non-woody
Asteraceae	Cichorium_endivia	5392243	2261		arbuscular	
Asteraceae	Pluchea_carolinensis	3132710	2285			derived
Asteraceae	Gymnanthemum_amygdalinum	3130899	2323		arbuscular	
Asteraceae	Launaea_arborescens	3144854	2402			derived
Asteraceae	Xylorhiza_orcuttii	5396052	2484			derived
Asteraceae	Krigia_virginica	3132412	2554			non-woody
Asteraceae	Perityle_emoryi	3146426	2605			non-woody
Asteraceae	Tolpis_succulenta	3097207	2684			derived
Asteraceae	Moquiniastrum_polymorphum	7575247	2798		arbuscular	
Asteraceae	Guizotia_abyssinica	8584304	2848			non-woody
Asteraceae	Dyssodia_papposa	5405417	2897			non-woody
Asteraceae	Erigeron_speciosus	3147146	2944			non-woody
Asteraceae	Pterocaulon_sphacelatum	5392227	3128			non-woody
Asteraceae	Otanthus_maritimus	8278487	3380		arbuscular	
Asteraceae	Espeletia_grandiflora	3105059	3454			derived
Asteraceae	Viguiera_dentata	5389737	3717			non-woody
Asteraceae	Brickellia_eupatorioides	5388438	4114			non-woody
Asteraceae	Pluchea_odorata	3132617	4188			non-woody
Asteraceae	Packera_aurea	3114043	4201			non-woody
Asteraceae	Acanthospermum_hispidum	3100375	4248			non-woody
Asteraceae	Senecio_flaccidus	3108316	4526			non-woody
Asteraceae	Anthemis_cretica_subsp._argaea	7839493	4529		neither	
Asteraceae	Porophyllum_ruderale	3103948	4582			non-woody
Asteraceae	Encelia_farinosa	3118746	4608			ancestral
Asteraceae	Mikania_cordifolia	5398689	4656			ancestral
Asteraceae	Olearia_rani	5405099	4656		arbuscular	
Asteraceae	Schkuhria_pinnata	8346536	4679			non-woody
Asteraceae	Tephroseris_atropurpurea	3130950	4702		arbuscular	
Asteraceae	Grindelia_stricta_var._stricta	3146233	4770			non-woody
Asteraceae	Cosmos_bipinnatus	3098912	4797		neither	
Asteraceae	Coreopsis_tinctoria	3133950	4803			non-woody
Asteraceae	Achillea_nobilis	3120024	5184		arbuscular	
Asteraceae	Eriophyllum_lanatum	3130472	5224			non-woody
Asteraceae	Heterotheca_villosa	5401977	5380			non-woody
Asteraceae	Artemisia_dracunculus	3121581	5499		arbuscular	
Asteraceae	Tagetes_minuta	3088481	5708			non-woody
Asteraceae	Artemisia_annua	8373355	5986		arbuscular	
Asteraceae	Brachyglottis_repanda	3138474	5986		arbuscular	
Asteraceae	Senecio_minimus	4933577	6354			non-woody
Asteraceae	Tephroseris_palustris_subsp._congesta	7363445	6380		neither	
Asteraceae	Emilia_sonchifolia	7376217	6484			non-woody
Asteraceae	Artemisia_maritima	7879222	6617		neither	
Asteraceae	Cynara_cardunculus	3112364	6968		arbuscular	
Asteraceae	Xeranthemum_inapertum	3144041	7467			non-woody
Asteraceae	Hieracium_vulgatum	7777868	7655		neither	
Asteraceae	Santolina_villosa	3125952	7779			derived
Asteraceae	Baccharis_salicifolia	3129643	8273		arbuscular	ancestral
Asteraceae	Artemisia_ludoviciana	3120950	9616		arbuscular	
Asteraceae	Aster_bellidiastrum	5385837	10200			non-woody
Asteraceae	Carthamus_tinctorius	3138327	10348		arbuscular	
Asteraceae	Senecio_madagascariensis	3107722	10418			derived
Asteraceae	Tolpis_barbata	3097166	10422			non-woody
Asteraceae	Sigesbeckia_orientalis	3125901	10502			non-woody
Asteraceae	Atractylis_humilis	5398274	10947			non-woody
Asteraceae	Phagnalon_rupestre	3150037	11558		arbuscular	ancestral
Asteraceae	Echinops_sphaerocephalus	5392883	12425		arbuscular	
Asteraceae	Hubertia_riparia	5388600	14933			derived
Asteraceae	Phagnalon_saxatile	3150065	15185			derived
Asteraceae	Leucanthemum_ircutianum_subsp._asperulum	5401008	15194			non-woody
Asteraceae	Ageratum_conyzoides	5401673	15390			non-woody
Asteraceae	Aster_alpinus	5387396	15807			non-woody
Asteraceae	Helichrysum_arenarium	3131809	16063			non-woody
Asteraceae	Rhaponticum_coniferum	3142200	16359			non-woody
Asteraceae	Staehelina_dubia	3112552	18165			derived
Asteraceae	Cicerbita_alpina	3087634	18263		neither	
Asteraceae	Anthemis_cotula	8035698	19771		arbuscular	
Asteraceae	Adenostyles_alliariae	3133702	21987			non-woody
Asteraceae	Carthamus_lanatus	9051760	23580			non-woody
Asteraceae	Dittrichia_viscosa	3101184	23606			non-woody
Asteraceae	Glebionis_segetum	3141101	26860		arbuscular	
Asteraceae	Chondrilla_juncea	8537667	27467		arbuscular	
Asteraceae	Tanacetum_corymbosum_subsp._corymbosum	3118216	31204		arbuscular	
Asteraceae	Saussurea_alpina	5404542	31949		arbuscular	
Asteraceae	Cota_tinctoria_subsp._subtinctoria	5390618	32602		arbuscular	
Asteraceae	Bidens_pilosa	5391845	35758			non-woody
Asteraceae	Helianthus_annuus	9206251	44229			non-woody
Asteraceae	Serratula_tinctoria_subsp._tinctoria	5388835	44927		arbuscular	non-woody
Asteraceae	Helichrysum_stoechas	7518700	45018		arbuscular	ancestral
Asteraceae	Carduus_nutans	8185959	50669		arbuscular	
Asteraceae	Inula_conyza	8241874	55228			non-woody
Asteraceae	Erigeron_acris	3147080	56271			non-woody
Asteraceae	Anthemis_arvensis	3102781	56715		arbuscular	
Asteraceae	Tripolium_pannonicum	3098616	60945		arbuscular	
Asteraceae	Galinsoga_quadriradiata	8298495	61010			non-woody
Asteraceae	Scorzonera_humilis	3111049	63522		arbuscular	
Asteraceae	Senecio_viscosus	3107855	67526		arbuscular	
Asteraceae	Petasites_hybridus	3088301	69849		neither	
Asteraceae	Senecio_inaequidens	3109086	79037			ancestral
Asteraceae	Carlina_vulgaris	3105380	90144		arbuscular	non-woody
Asteraceae	Pulicaria_dysenterica	3095609	104696		arbuscular	
Asteraceae	Bidens_tripartita	5391862	107296			non-woody
Asteraceae	Hieracium_umbellatum	3135329	110444		arbuscular	
Asteraceae	Arctium_minus	5393103	116310		arbuscular	
Asteraceae	Matricaria_chamomilla_var._recutita	8370958	140319		neither	
Asteraceae	Gnaphalium_uliginosum	5390848	142673		arbuscular	non-woody
Asteraceae	Tragopogon_pratensis	5386897	144038		arbuscular	
Asteraceae	Lactuca_serriola	3140490	146759		arbuscular	
Asteraceae	Tripleurospermum_maritimum_subsp._inodorum	3104179	150089		arbuscular	
Asteraceae	Conyza_canadensis	3146791	196827		neither	
Asteraceae	Matricaria_matricarioides	3103791	200315		arbuscular	
Asteraceae	Jacobaea_vulgaris	5388602	209112			non-woody
Asteraceae	Tanacetum_vulgare	3118274	212785			non-woody
Asteraceae	Solidago_virgaurea	6446462	237003		arbuscular	
Asteraceae	Sonchus_oleraceus	8228544	239932		arbuscular	
Asteraceae	Eupatorium_cannabinum	5402943	248717		arbuscular	non-woody
Asteraceae	Scorzoneroides_autumnalis	3133512	255950		arbuscular	
Asteraceae	Sonchus_asper	3105782	258525			non-woody
Asteraceae	Senecio_vulgaris	3108983	268442			non-woody
Asteraceae	Lapsana_communis	3134857	268608		arbuscular	
Asteraceae	Centaurea_jacea	3128547	301293		arbuscular	
Asteraceae	Pilosella_officinarum	7874303	332942		arbuscular	
Asteraceae	Bellis_perennis	3117424	368165			non-woody
Asteraceae	Cirsium_arvense	3113414	573171		arbuscular	non-woody
Asteropeiaceae	Asteropeia_micraster	5835984	157		both	
Balsaminaceae	Impatiens_firmula	4193612	300			derived
Balsaminaceae	Impatiens_walleriana	2891772	2191		arbuscular	non-woody
Balsaminaceae	Impatiens_capensis	2891774	15988		arbuscular	
Balsaminaceae	Impatiens_noli-tangere	2891779	73965		neither	
Balsaminaceae	Impatiens_glandulifera	2891770	148655			non-woody
Bataceae	Batis_maritima	5414196	2208		neither	
Begoniaceae	Begonia_dichotoma	4157610	186			derived
Begoniaceae	Begonia_isoptera	8009293	258			non-woody
Begoniaceae	Begonia_meyeri-johannis	4930932	357			derived
Begoniaceae	Begonia_oxyloba	4156666	623			non-woody
Begoniaceae	Begonia_reniformis	2874716	744			derived
Begoniaceae	Begonia_fruticosa	7303416	982			derived
Begoniaceae	Begonia_glabra	7303342	2189			non-woody
Bixaceae	Bixa_orellana	2874863	5810		arbuscular	
Boraginaceae	Echium_aculeatum	4064880	624			derived
Boraginaceae	Glandora_prostrata	7294611	3245			derived
Boraginaceae	Neatostema_apulum	4061000	5546			non-woody
Boraginaceae	Lithodora_fruticosa	5661164	9962			derived
Boraginaceae	Lithospermum_officinale	2926086	23973			non-woody
Boraginaceae	Echium_vulgare	2925892	131458			non-woody
Brassicaceae	Pachycladon_cheesemanii	5552489	101			derived
Brassicaceae	Bornmuellera_tymphaea	3047125	105			derived
Brassicaceae	Thlaspi_montanum	9170718	109		arbuscular	
Brassicaceae	Cremolobus_peruvianus	3041482	120			derived
Brassicaceae	Draba_hallii	3049894	124			derived
Brassicaceae	Alyssoides_cretica	3050537	136			derived
Brassicaceae	Boechera_koehleri	3043299	142			derived
Brassicaceae	Alyssum_dasycarpum	3045148	148			non-woody
Brassicaceae	Mostacillastrum_orbignyanum	3041246	148			derived
Brassicaceae	Erysimum_perofskianum	3048131	152			non-woody
Brassicaceae	Boechera_pulchra_var._pallens	3043531	157			derived
Brassicaceae	Matthiola_parviflora	3053061	207			non-woody
Brassicaceae	Brassica_balearica	3042911	244			derived
Brassicaceae	Erysimum_senoneri	3048489	286			derived
Brassicaceae	Crambe_strigosa	5373547	318			derived
Brassicaceae	Stevenia_maximowiczii	3052553	327			non-woody
Brassicaceae	Descurainia_millefolia	3044107	354			derived
Brassicaceae	Stenopetalum_decipiens	3042367	376			derived
Brassicaceae	Alyssum_lenense	3045096	378			derived
Brassicaceae	Lyrocarpa_coulteri	3040711	386			derived
Brassicaceae	Erysimum_crassipes	3048616	435			derived
Brassicaceae	Brassica_insularis	3042880	511			derived
Brassicaceae	Thelypodium_integrifolium	3053589	563			non-woody
Brassicaceae	Anastatica_hierochuntica	3041976	583			non-woody
Brassicaceae	Lepidium_bidentatum	5377075	585		arbuscular	
Brassicaceae	Erysimum_scoparium	3048534	633			derived
Brassicaceae	Stenopetalum_nutans	3042358	722			non-woody
Brassicaceae	Lepidium_foliosum	5376605	729			derived
Brassicaceae	Lepidium_alyssoides	5377012	775			derived
Brassicaceae	Boechera_lemmonii	3043593	920			non-woody
Brassicaceae	Physaria_ludoviciana	3048930	926			non-woody
Brassicaceae	Dithyrea_californica	3053543	1004			non-woody
Brassicaceae	Streptanthella_longirostris	3041931	1071			non-woody
Brassicaceae	Euclidium_syriacum	3049314	1084			non-woody
Brassicaceae	Zilla_spinosa_subsp._spinosa	5376128	1100			derived
Brassicaceae	Boechera_perennans	3043206	1133			non-woody
Brassicaceae	Farsetia_stylosa	3047985	1136			derived
Brassicaceae	Lobularia_canariensis_subsp._canariensis	5373341	1152			non-woody
Brassicaceae	Arabidella_trisecta	3040450	1208			derived
Brassicaceae	Vella_spinosa	5375666	1365			derived
Brassicaceae	Streptanthus_tortuosus	3041559	1423			non-woody
Brassicaceae	Erysimum_crepidifolium	3048522	1446			non-woody
Brassicaceae	Harmsiodoxa_blennodioides	3041953	1534			non-woody
Brassicaceae	Physaria_fendleri	3049236	1534			derived
Brassicaceae	Fibigia_clypeata	3051652	1638			non-woody
Brassicaceae	Alyssum_desertorum	3044743	2175			non-woody
Brassicaceae	Stanleya_pinnata	5373733	2224			derived
Brassicaceae	Matthiola_longipetala	5377395	2408			non-woody
Brassicaceae	Cochlearia_groenlandica	5373235	2696		neither	
Brassicaceae	Chorispora_tenella	3044349	2813			non-woody
Brassicaceae	Boechera_stricta	3043392	3200			non-woody
Brassicaceae	Iberis_sempervirens	5551241	3275			derived
Brassicaceae	Thysanocarpus_curvipes	3051417	3376			non-woody
Brassicaceae	Matthiola_incana	5377378	3452			derived
Brassicaceae	Lepidium_phlebopetalum	5376550	3483			derived
Brassicaceae	Alyssum_serpyllifolium	3044979	3652			derived
Brassicaceae	Hormathophylla_spinosa	3050712	3702			derived
Brassicaceae	Aurinia_saxatilis	5377778	3892			derived
Brassicaceae	Iberis_saxatilis	5377289	3983			derived
Brassicaceae	Aethionema_saxatile	3051094	4026			derived
Brassicaceae	Moricandia_arvensis	5376035	5023			derived
Brassicaceae	Descurainia_pinnata	3044133	6115			non-woody
Brassicaceae	Matthiola_fruticulosa	5377429	7123			derived
Brassicaceae	Iberis_amara	5377163	8657			non-woody
Brassicaceae	Alyssum_montanum	3044912	8830			derived
Brassicaceae	Erucastrum_nasturtiifolium	5375555	10979			non-woody
Brassicaceae	Kernera_saxatilis_subsp._boissieri	5374828	12429			non-woody
Brassicaceae	Eruca_vesicaria_subsp._sativa	5375920	12730			non-woody
Brassicaceae	Crambe_maritima	5373533	13358			non-woody
Brassicaceae	Rorippa_islandica	3053144	13887		arbuscular	
Brassicaceae	Draba_aizoides	3049799	16005			non-woody
Brassicaceae	Sisymbrium_irio	3046851	19095		arbuscular	
Brassicaceae	Carrichtera_annua	5375285	20245			non-woody
Brassicaceae	Lepidium_ruderale	5376616	24094		neither	
Brassicaceae	Sisymbrium_altissimum	3046736	24438		neither	
Brassicaceae	Lobularia_maritima	5373358	24980			non-woody
Brassicaceae	Lepidium_virginicum	5376648	29225			non-woody
Brassicaceae	Arabidopsis_arenosa	3052509	29984		arbuscular	
Brassicaceae	Noccaea_caerulescens	3045463	30528		arbuscular	
Brassicaceae	Lepidium_squamatum	5376627	32261			non-woody
Brassicaceae	Brassica_oleracea	3042845	33058			derived
Brassicaceae	Lepidium_draba	5376961	34566		neither	
Brassicaceae	Thlaspi_perfoliatum	3050631	36583		neither	
Brassicaceae	Lepidium_didymum	5377060	37029		arbuscular	non-woody
Brassicaceae	Cochlearia_danica	5373254	38064		arbuscular	
Brassicaceae	Berteroa_incana	3053522	39710			non-woody
Brassicaceae	Alyssum_alyssoides	3044855	40836			non-woody
Brassicaceae	Brassica_rapa_subsp._oleifera	7903057	49984			non-woody
Brassicaceae	Arabis_hirsuta	9202524	63439			non-woody
Brassicaceae	Erysimum_cheiranthoides	3048266	67021			non-woody
Brassicaceae	Rorippa_palustris	3053168	102352		neither	
Brassicaceae	Arabidopsis_thaliana	3052436	130903		neither	
Brassicaceae	Thlaspi_arvense	3047598	202691			non-woody
Brassicaceae	Alliaria_petiolata	5376075	208120			non-woody
Brassicaceae	Cardamine_dentata	7972010	364293		neither	non-woody
Bromeliaceae	Fernseea_itatiaiae	2693674	106		arbuscular	
Bromeliaceae	Deuterocohnia_longipetala	2699405	301		neither	
Bromeliaceae	Hechtia_podantha	2698721	497		arbuscular	
Bromeliaceae	Ananas_comosus	5288819	11235		arbuscular	
Bruniaceae	Berzelia_lanuginosa	5643057	1240		arbuscular	
Buxaceae	Styloceras_laurifolium	5635350	273		arbuscular	
Campanulaceae	Musschia_aurea	3164483	123			derived
Campanulaceae	Wahlenbergia_thunbergiana	5413609	123			derived
Campanulaceae	Heterochaenia_ensifolia	3166106	254			derived
Campanulaceae	Campanula_fragilis	5410186	280		arbuscular	
Campanulaceae	Clermontia_kakeana	5407709	342			derived
Campanulaceae	Asyneuma_canescens	3168201	394		arbuscular	
Campanulaceae	Codonopsis_clematidea	8569825	467		arbuscular	
Campanulaceae	Lobelia_gibberoa	5408376	478			derived
Campanulaceae	Burmeistera_cyclostigmata	3161658	786			derived
Campanulaceae	Adenophora_liliifolia	5409500	1539		arbuscular	
Campanulaceae	Azorina_vidalii	3166266	1562			derived
Campanulaceae	Campanula_lasiocarpa	5411731	1912		arbuscular	
Campanulaceae	Campanula_hohenackeri	5410717	2263		neither	
Campanulaceae	Pratia_angulata	3160243	3296			ancestral
Campanulaceae	Lobelia_laxiflora	5408996	3510			derived
Campanulaceae	Phyteuma_hemisphaericum	3166609	11618		neither	
Campanulaceae	Wahlenbergia_hederacea	9612996	15097			non-woody
Campanulaceae	Campanula_scheuchzeri	5410226	22548		both	
Campanulaceae	Lobelia_dortmanna	5408512	24292		arbuscular	non-woody
Campanulaceae	Phyteuma_orbiculare	3166655	42048		arbuscular	
Campanulaceae	Campanula_rapunculoides	5410436	54140		arbuscular	
Campanulaceae	Campanula_patula	5410564	77588		arbuscular	
Campanulaceae	Wahlenbergia_cinerea	5410907	297736			derived
Cannabaceae	Trema_micrantha	7141666	12198		arbuscular	
Capparaceae	Boscia_oleoides	5602447	162		neither	
Capparaceae	Maerua_filiformis	3871641	211		neither	
Capparaceae	Atamisquea_emarginata	7717320	216		arbuscular	
Capparaceae	Boscia_angustifolia	5602553	876		arbuscular	
Capparaceae	Maerua_angolensis	7273321	1921		arbuscular	
Capparaceae	Cynophalla_flexuosa	3873525	3650		neither	
Caprifoliaceae	Valeriana_tomentosa	4094856	131			derived
Caprifoliaceae	Valeriana_decussata	7834110	155			derived
Caprifoliaceae	Valeriana_nivalis	4094911	156			non-woody
Caprifoliaceae	Valeriana_polystachya	7298904	188			non-woody
Caprifoliaceae	Lonicera_nummulariifolia	7272754	273		arbuscular	
Caprifoliaceae	Pterocephalus_perennis	8320238	302			derived
Caprifoliaceae	Valeriana_rigida	4094868	321			derived
Caprifoliaceae	Pterocephalus_spathulatus	8336328	425			derived
Caprifoliaceae	Patrinia_sibirica	5668821	449		arbuscular	
Caprifoliaceae	Lonicera_microphylla	5598646	494		arbuscular	
Caprifoliaceae	Lonicera_webbiana	7272607	579		neither	
Caprifoliaceae	Valeriana_clematitis	4095577	685			derived
Caprifoliaceae	Pterocephalus_plumosus	5671497	878			non-woody
Caprifoliaceae	Lonicera_hispida	7272731	933		arbuscular	
Caprifoliaceae	Valeriana_pilosa	8083409	1409			non-woody
Caprifoliaceae	Valeriana_microphylla	4095247	1546			derived
Caprifoliaceae	Weigela_subsessilis	3856121	2156		arbuscular	
Caprifoliaceae	Weigela_florida	2888730	3232		neither	
Caprifoliaceae	Lonicera_caprifolium	5334227	6724		arbuscular	
Caprifoliaceae	Lonicera_caerulea_var._pallasii	5334269	9376		neither	
Caprifoliaceae	Lonicera_japonica	5334240	19632		arbuscular	
Caprifoliaceae	Lonicera_implexa	9558260	21488		arbuscular	
Caprifoliaceae	Lonicera_etrusca	5334247	23385		neither	
Caprifoliaceae	Valerianella_locusta	2888778	59587		arbuscular	
Caprifoliaceae	Linnaea_borealis	5334220	66026		arbuscular	
Caprifoliaceae	Valeriana_dioica	2888762	74994		neither	
Caprifoliaceae	Succisa_pratensis	2888811	229755		arbuscular	
Caprifoliaceae	Valeriana_officinalis	2888763	257626			non-woody
Caprifoliaceae	Lonicera_periclymenum	5334277	294808		arbuscular	
Caricaceae	Carica_papaya	2874484	5960		arbuscular	
Caryophyllaceae	Schiedea_ligustrina	5384436	146			derived
Caryophyllaceae	Acanthophyllum_laxiflorum	5586029	151			derived
Caryophyllaceae	Dianthus_serrulatus	7540866	191			ancestral
Caryophyllaceae	Silene_fruticosa	8281741	242			derived
Caryophyllaceae	Silene_antirrhina	5384747	4385			non-woody
Caryophyllaceae	Paronychia_argentea	5528747	11889		ecto	
Caryophyllaceae	Honckenya_peploides	3085776	26844			non-woody
Caryophyllaceae	Dianthus_deltoides	3085424	72251			non-woody
Caryophyllaceae	Silene_nutans	5384781	89424			non-woody
Caryophyllaceae	Silene_flos-cuculi	5384738	288162		neither	non-woody
Celastraceae	Euonymus_maackii	7265494	1162		neither	
Celastraceae	Gymnosporia_senegalensis	3793847	5669		arbuscular	
Chenopodiaceae	Suaeda_physophora	3756467	102			ancestral
Chenopodiaceae	Caroxylon_cyclophyllum	3759615	138			derived
Chenopodiaceae	Petrosimonia_brachiata	3757746	140			non-woody
Chenopodiaceae	Atriplex_amnicola	3756750	174			ancestral
Chenopodiaceae	Caroxylon_dendroides	9626002	204			ancestral
Chenopodiaceae	Chenolea_diffusa	5568277	228			derived
Chenopodiaceae	Halimione_verrucifera	3758871	278			derived
Chenopodiaceae	Neokochia_americana	5835727	298			derived
Chenopodiaceae	Blitum_californicum	5568959	538			derived
Chenopodiaceae	Allenrolfea_occidentalis	3083574	904			derived
Chenopodiaceae	Grayia_spinosa	5383933	1091			derived
Chenopodiaceae	Maireana_oppositifolia	3755638	1147			derived
Chenopodiaceae	Malacocera_tricornis	3760559	1149			derived
Chenopodiaceae	Maireana_coronata	3755931	1218			non-woody
Chenopodiaceae	Suaeda_nigra	3083536	1224			non-woody
Chenopodiaceae	Bassia_laniflora	5568188	1541			non-woody
Chenopodiaceae	Dissocarpus_biflorus	7339912	1559			non-woody
Chenopodiaceae	Anabasis_articulata	5568629	2092			derived
Chenopodiaceae	Chenopodium_auricomum	3757177	2167			derived
Chenopodiaceae	Atriplex_cinerea	6035692	2306			derived
Chenopodiaceae	Atriplex_glauca	7501008	2410			derived
Chenopodiaceae	Tecticornia_indica_subsp._leiostachya	7340130	2933			ancestral
Chenopodiaceae	Krascheninnikovia_ceratoides	3083570	3202			derived
Chenopodiaceae	Camphorosma_lessingii	6035827	3323			derived
Chenopodiaceae	Suaeda_australis	3757896	3513			ancestral
Chenopodiaceae	Maireana_sclerolaenoides	3760802	3649			ancestral
Chenopodiaceae	Caroxylon_vermiculatum	9465030	3787			derived
Chenopodiaceae	Halimione_pedunculata	3755818	4109			non-woody
Chenopodiaceae	Maireana_sedifolia	3760771	5081			derived
Chenopodiaceae	Chenopodium_parabolicum	7719079	5896			derived
Chenopodiaceae	Sclerolaena_obliquicuspis	7879268	6029			derived
Chenopodiaceae	Sarcocornia_fruticosa	5567884	6356			derived
Chenopodiaceae	Atriplex_stipitata	3759563	6484			derived
Chenopodiaceae	Suaeda_vera	6035538	7099			derived
Chenopodiaceae	Atriplex_halimus	3083718	8350			derived
Chenopodiaceae	Bassia_scoparia	5383936	8629			ancestral
Chenopodiaceae	Atriplex_semibaccata	3083667	10639			non-woody
Chenopodiaceae	Maireana_brevifolia	3756029	12312			derived
Chenopodiaceae	Sclerolaena_diacantha	8199472	12940			ancestral
Chenopodiaceae	Atriplex_littoralis	3083696	20902			ancestral
Chenopodiaceae	Salsola_tragus	7547827	21823			non-woody
Chenopodiaceae	Salicornia_europaea	5383956	23479			non-woody
Chenopodiaceae	Chenopodium_nutans	7750992	25839			ancestral
Chenopodiaceae	Halimione_portulacoides	3083765	27849			derived
Chenopodiaceae	Salsola_genistoides	3759567	29132			ancestral
Chenopodiaceae	Enchylaena_tomentosa	6447669	29978			ancestral
Chenopodiaceae	Blitum_bonus-henricus	8044896	30098			derived
Chenopodiaceae	Suaeda_maritima	3083541	39864			non-woody
Chenopodiaceae	Beta_vulgaris	8971274	103370		arbuscular	
Chenopodiaceae	Atriplex_prostrata	3083786	124142			non-woody
Chenopodiaceae	Chenopodium_album	3083838	222830			non-woody
Chloranthaceae	Ascarina_lucida	3750413	3210		arbuscular	
Cistaceae	Helianthemum_oelandicum	7331276	19513		both	
Cistaceae	Cistus_ladanifer_subsp._sulcatus	6437976	557043		ecto	
Cleomaceae	Andinocleome_lechleri	7544780	144			derived
Cleomaceae	Cleome_anomala	3871537	342			derived
Cleomaceae	Cleome_viridiflora	3873199	465			derived
Cleomaceae	Andinocleome_pilosa	7499107	513			non-woody
Cleomaceae	Cleomella_serrulata	8145885	1858			non-woody
Cleomaceae	Cleomella_arborea	7893492	2547			derived
Cleomaceae	Cleome_rutidosperma	9778787	2661			non-woody
Clethraceae	Clethra_barbinervis	3718199	3759		arbuscular	
Colchicaceae	Colchicum_autumnale	2739622	68076		arbuscular	
Combretaceae	Anogeissus_leiocarpa	3698332	8848		arbuscular	
Commelinaceae	Amischotolype_hispida	2764969	503		arbuscular	
Commelinaceae	Tradescantia_zebrina	2765359	1835		neither	
Convolvulaceae	Ipomoea_ancisa	8125492	149			derived
Convolvulaceae	Convolvulus_canariensis	3681333	244			derived
Convolvulaceae	Lepistemon_owariensis	7873674	277			non-woody
Convolvulaceae	Turbina_oblongata	5548802	314			non-woody
Convolvulaceae	Convolvulus_floridus	7943397	526			derived
Convolvulaceae	Ipomoea_arborescens	7324166	570			derived
Convolvulaceae	Argyreia_nervosa	2928692	586			derived
Convolvulaceae	Stictocardia_tiliifolia	3677765	960			derived
Convolvulaceae	Convolvulus_dorycnium	7815993	1166			derived
Convolvulaceae	Convolvulus_siculus	3678083	2100			non-woody
Convolvulaceae	Turbina_corymbosa	5341706	2255			derived
Convolvulaceae	Ipomoea_trifida	4267463	2642	progenitor		
Convolvulaceae	Ipomoea_carnea_subsp._fistulosa	2928590	3549			derived
Convolvulaceae	Convolvulus_lanuginosus	7532470	5784			ancestral
Convolvulaceae	Ipomoea_batatas	2928551	31110			non-woody
Convolvulaceae	Convolvulus_arvensis	2928390	232524			non-woody
Coriariaceae	Coriaria_ruscifolia	3701768	1763		neither	
Cornaceae	Cornus_suecica	3082246	37166		arbuscular	
Crassulaceae	Crassula_deceptor	5688947	109			ancestral
Crassulaceae	Kalanchoe_synsepala	4198436	134			derived
Crassulaceae	Aeonium_decorum	7334101	167		arbuscular	
Crassulaceae	Crassula_arborescens	7334487	183			derived
Crassulaceae	Kalanchoe_blossfeldiana	2985944	218			ancestral
Crassulaceae	Kalanchoe_beharensis	4200862	223		neither	derived
Crassulaceae	Crassula_schimperi_subsp._schimperi	7334642	286		arbuscular	
Crassulaceae	Sedum_praealtum	5362012	301			derived
Crassulaceae	Kalanchoe_laciniata	2985933	335			derived
Crassulaceae	Crassula_sarcocaulis_subsp._rupicola	7172895	431			ancestral
Crassulaceae	Crassula_rupestris	7557934	445		arbuscular	derived
Crassulaceae	Aichryson_laxum	7334818	466			non-woody
Crassulaceae	Crassula_perfoliata_var._minor	7172987	474		neither	derived
Crassulaceae	Crassula_tetragona	7172747	592			derived
Crassulaceae	Sedum_moranense	5362028	614			derived
Crassulaceae	Aeonium_korneliuslemsii	2985682	1019			derived
Crassulaceae	Kalanchoe_crenata	6441622	1026			derived
Crassulaceae	Cotyledon_orbiculata	5361969	1861			derived
Crassulaceae	Sedum_sarmentosum	5362004	2484		arbuscular	
Crassulaceae	Phedimus_hybridus	4201668	2511		arbuscular	
Crassulaceae	Kalanchoe_delagoensis	2985940	2848		arbuscular	non-woody
Crassulaceae	Bryophyllum_pinnatum	2985930	3404			non-woody
Crassulaceae	Crassula_aquatica	7565449	4936		neither	non-woody
Crassulaceae	Sedum_alpestre	7334006	5966		neither	
Crassulaceae	Crassula_sieberiana	5362057	14565			non-woody
Crassulaceae	Sedum_anglicum	5687974	19894			non-woody
Crassulaceae	Phedimus_spurius	4201607	21570		neither	
Crassulaceae	Sedum_album	5362008	103540		neither	
Crassulaceae	Sedum_acre	5362007	153241			non-woody
Cucurbitaceae	Corallocarpus_bainesii	3623632	141			non-woody
Cucurbitaceae	Calycophysum_pedunculatum	7317788	150			non-woody
Cucurbitaceae	Ibervillea_sonorae	7317774	276			ancestral
Cucurbitaceae	Doyerea_emetocathartica	2874552	305			derived
Cucurbitaceae	Gurania_eriantha	3623682	680			ancestral
Cucurbitaceae	Cucurbita_pepo_subsp._fraterna	8860489	748	progenitor		
Cucurbitaceae	Coccinia_adoensis	3624807	912			non-woody
Cucurbitaceae	Psiguria_triphylla	3624442	953			derived
Cucurbitaceae	Cucurbita_ficifolia	2874512	1523	undifferentiated		
Cucurbitaceae	Solena_heterophylla	5536848	1544			non-woody
Cucurbitaceae	Psiguria_bignoniacea	3624043	1722			non-woody
Cucurbitaceae	Cucurbita_argyrosperma_subsp._sororia	7156471	2154	progenitor		
Cucurbitaceae	Coccinia_grandis	2874564	2342			derived
Cucurbitaceae	Sicyos_angulatus	2874655	2948			non-woody
Cucurbitaceae	Cucumis_myriocarpus	7885624	3636			non-woody
Cucurbitaceae	Cucurbita_maxima_subsp._andreana	7655426	9035	progenitor		
Cucurbitaceae	Cucurbita_moschata	7393329	9912	undifferentiated		
Cucurbitaceae	Bryonia_dioica	6422396	61712		arbuscular	
Cupressaceae	Juniperus_oxycedrus	2684451	126809		arbuscular	
Cyclanthaceae	Evodianthus_funifer	2861089	1615		neither	
Cyperaceae	Lipocarpha_mexicana	9267096	103		arbuscular	
Cyperaceae	Carex_enervis	2729929	146		neither	
Cyperaceae	Oreobolus_furcatus	2711912	203		arbuscular	
Cyperaceae	Carex_speciosa	2723697	227		arbuscular	
Cyperaceae	Mesomelaena_pseudostygia	5291372	234		neither	
Cyperaceae	Machaerina_angustifolia	5291145	273		neither	
Cyperaceae	Fimbristylis_eragrostis	2709044	280		arbuscular	
Cyperaceae	Lagenocarpus_guianensis	5292972	338		arbuscular	
Cyperaceae	Caustis_dioica	2718179	419		neither	
Cyperaceae	Machaerina_mariscoides	5291112	427		arbuscular	
Cyperaceae	Carex_baccans	2727853	1056		arbuscular	
Cyperaceae	Bulbostylis_capillaris	7771445	1131		neither	
Cyperaceae	Carex_bicknellii	2725637	1193		arbuscular	
Cyperaceae	Isolepis_aucklandica	2713042	1269		neither	
Cyperaceae	Eleocharis_acutangula_subsp._breviseta	2716800	1676		arbuscular	
Cyperaceae	Schoenoplectiella_supina	2710765	1706		arbuscular	
Cyperaceae	Bulbostylis_densa	5292267	2256		arbuscular	
Cyperaceae	Cyperus_microiria	2715429	2448		neither	
Cyperaceae	Bolboschoenus_fluviatilis	7953794	2544		arbuscular	
Cyperaceae	Carex_cristatella	2725051	2630		arbuscular	
Cyperaceae	Eleocharis_dulcis	2717712	2917		arbuscular	
Cyperaceae	Schoenoplectiella_juncoides	2710716	2940		neither	
Cyperaceae	Cyperus_capitatus	2714938	3030		neither	
Cyperaceae	Tetraria_capillaris	2718441	3060		arbuscular	
Cyperaceae	Eleocharis_erythropoda	2717342	3193		neither	
Cyperaceae	Rhynchospora_cephalotes	2721655	3239		arbuscular	
Cyperaceae	Scirpus_atrovirens	2720120	3462		arbuscular	
Cyperaceae	Carex_cephalophora	2724783	3817		arbuscular	
Cyperaceae	Cyperus_surinamensis	2715295	4009		arbuscular	
Cyperaceae	Cyperus_ligularis	2715068	4280		arbuscular	
Cyperaceae	Fimbristylis_miliacea	2709171	4373		arbuscular	
Cyperaceae	Carex_pensylvanica	2724855	4422		arbuscular	
Cyperaceae	Scleria_gaertneri	6311944	4725		arbuscular	
Cyperaceae	Carex_lupulina	2727232	5407		neither	
Cyperaceae	Caustis_flexuosa	2718189	5495		arbuscular	
Cyperaceae	Cyperus_luzulae	2714679	5519		neither	
Cyperaceae	Cyperus_laevigatus	2713559	5664		arbuscular	
Cyperaceae	Scirpus_cyperinus	2720171	6036		arbuscular	
Cyperaceae	Rhynchospora_corymbosa	2721495	6209		arbuscular	
Cyperaceae	Cyperus_strigosus	2716719	6377		arbuscular	
Cyperaceae	Carex_blanda	2728993	6587		arbuscular	
Cyperaceae	Carex_lurida	2722529	6736		arbuscular	
Cyperaceae	Pycreus_flavescens	2730906	7354		arbuscular	
Cyperaceae	Carex_stipata	2725605	7370		arbuscular	
Cyperaceae	Schoenoplectus_pungens_var._badius	2711190	7746		arbuscular	
Cyperaceae	Cyperus_iria	2715729	8807		arbuscular	
Cyperaceae	Ficinia_nodosa	2711622	8994		arbuscular	
Cyperaceae	Blysmopsis_rufa	2710633	9492		arbuscular	
Cyperaceae	Carex_vulpinoidea	2728060	10330		arbuscular	
Cyperaceae	Eleocharis_acuta	2716961	11168		arbuscular	
Cyperaceae	Cyperus_polystachyos	2730407	11865		arbuscular	
Cyperaceae	Cyperus_odoratus	2715219	12875		arbuscular	
Cyperaceae	Cyperus_esculentus	2716226	14875		neither	
Cyperaceae	Blysmus_compressus	2710650	15912		neither	
Cyperaceae	Cyperus_fuscus	2716489	19706		neither	
Cyperaceae	Cladium_jamaicense	2731327	26123		arbuscular	
Cyperaceae	Fimbristylis_dichotoma	2708808	27254		neither	
Cyperaceae	Carex_divulsa	2722914	28442		arbuscular	
Cyperaceae	Carex_aquatilis	2724150	35480		neither	
Cyperaceae	Eleocharis_uniglumis	2717910	37441		neither	
Cyperaceae	Carex_brunnescens	2728226	39353		arbuscular	
Cyperaceae	Carex_halleriana	2723055	42644		neither	
Cyperaceae	Carex_sempervirens	2722326	46055		arbuscular	
Cyperaceae	Carex_vaginata	2725816	49072		neither	
Cyperaceae	Carex_spicata	2722210	50040		neither	
Cyperaceae	Rhynchospora_alba	2721119	51631		neither	
Cyperaceae	Schoenoplectus_lacustris	2710941	71066		neither	
Cyperaceae	Carex_caryophyllea	2727655	80464		neither	
Cyperaceae	Carex_canescens	2722942	120461		neither	
Cyperaceae	Carex_pilulifera	2726614	148587		neither	
Cyperaceae	Carex_sylvatica	2722602	158961		neither	
Cyperaceae	Scirpus_sylvaticus	2720080	166018		neither	
Cyperaceae	Eleocharis_palustris	2717002	177465		arbuscular	
Cyperaceae	Carex_rostrata	2726725	181086		neither	
Cyperaceae	Carex_nigra	2724925	297086		arbuscular	
Diapensiaceae	Diapensia_lapponica	5333323	8765		neither	
Dilleniaceae	Curatella_americana	7304064	3882		arbuscular	
Dioscoreaceae	Dioscorea_abyssinica	2754610	486	progenitor		
Dioscoreaceae	Dioscorea_persimilis	2754651	711	progenitor		
Dioscoreaceae	Dioscorea_minutiflora	2755468	758	progenitor		
Dioscoreaceae	Dioscorea_trifida	2755239	892	undifferentiated		
Dioscoreaceae	Dioscorea_esculenta	2755195	1037	undifferentiated		
Dioscoreaceae	Dioscorea_polystachya	2754732	1104	undifferentiated		
Dioscoreaceae	Dioscorea_praehensilis	2754460	1501	progenitor		
Dioscoreaceae	Dioscorea_dumetorum	2754673	2047	undifferentiated		
Dioscoreaceae	Dioscorea_bulbifera	2755489	7895	undifferentiated		
Dioscoreaceae	Dioscorea_communis	2755063	83263		arbuscular	
Dipentodontaceae	Perrottetia_longistylis	7688073	521		arbuscular	
Ehretiaceae	Ehretia_cortesia	4059927	179			non-woody
Ehretiaceae	Tiquilia_greggii	8544519	483			derived
Ehretiaceae	Halgania_cyanea	7294436	4340			ancestral
Elaeagnaceae	Shepherdia_canadensis	5372427	5013		arbuscular	
Elaeagnaceae	Elaeagnus_umbellata	7752288	10896		neither	
Ericaceae	Enkianthus_quinqueflorus	7328257	280		arbuscular	
Ericaceae	Monotropastrum_humile	4168795	1029		neither	
Ericaceae	Leucopogon_juniperinus	4010136	4781		arbuscular	
Ericaceae	Epacris_microphylla_var._microphylla	7908557	5458		arbuscular	
Ericaceae	Monotropa_uniflora	2888353	9974		neither	
Ericaceae	Astroloma_humifusum	7288486	18236		neither	
Ericaceae	Epacris_impressa	8377116	22255		neither	
Ericaceae	Monotropa_hypopitys	2888342	36754		both	
Ericaceae	Pyrola_minor	2888272	67560		ecto	
Ericaceae	Arctostaphylos_uva-ursi	2882580	70805		ecto	
Ericaceae	Calluna_vulgaris	2882482	483866		neither	
Escalloniaceae	Escallonia_myrtilloides	8376201	2282		arbuscular	
Euphorbiaceae	Euphorbia_crotonoides	3065947	103			non-woody
Euphorbiaceae	Euphorbia_usambarica	3064520	110			ancestral
Euphorbiaceae	Euphorbia_villosa	8656882	188			non-woody
Euphorbiaceae	Euphorbia_cooperi	3069097	226			ancestral
Euphorbiaceae	Euphorbia_aphylla	3069165	255			derived
Euphorbiaceae	Euphorbia_cuneata	3065338	276			ancestral
Euphorbiaceae	Euphorbia_multiformis_var._microphylla	3065531	422			derived
Euphorbiaceae	Euphorbia_misera	3066035	598			derived
Euphorbiaceae	Euphorbia_mauritanica	7926635	785			non-woody
Euphorbiaceae	Euphorbia_atoto	3065495	985			ancestral
Euphorbiaceae	Euphorbia_milii	3067157	998			derived
Euphorbiaceae	Euphorbia_celastroides	3069979	1170			derived
Euphorbiaceae	Euphorbia_schlechtendalii	3068012	1295			ancestral
Euphorbiaceae	Euphorbia_balsamifera	3069871	1383			derived
Euphorbiaceae	Euphorbia_stygiana	3069679	1898			derived
Euphorbiaceae	Euphorbia_hyberna	3066567	6076			ancestral
Euphorbiaceae	Euphorbia_palustris	3064056	11281			non-woody
Euphorbiaceae	Euphorbia_hirta	3068937	15620			non-woody
Euphorbiaceae	Euphorbia_maculata	3067119	18305			non-woody
Euphorbiaceae	Manihot_esculenta_subsp._flabellifolia	3060998	89997	progenitor		
Euphorbiaceae	Euphorbia_cyparissias	3070106	165665			non-woody
Fabaceae	Arachis_ipaensis	5353793	38	progenitor		
Fabaceae	Oxytropis_savellanica	5361594	103		arbuscular	
Fabaceae	Archidendron_turgidum	2941467	106		arbuscular	
Fabaceae	Onobrychis_biebersteinii	2972825	106		neither	
Fabaceae	Astragalus_alopecias	5344165	109		arbuscular	
Fabaceae	Canavalia_acuminata	2962165	113		neither	
Fabaceae	Vouacapoua_pallidior	2940385	119		arbuscular	
Fabaceae	Oxytropis_aciphylla	5360999	121			derived
Fabaceae	Ammodendron_bifolium	2971159	125		arbuscular	
Fabaceae	Acacia_hylonoma	2979401	131		ecto	
Fabaceae	Microberlinia_brazzavillensis	2941147	137		ecto	
Fabaceae	Fissicalyx_fendleri	2943740	148		neither	
Fabaceae	Corethrodendron_multijugum	2961023	150			derived
Fabaceae	Albizia_myriophylla	2973009	164		neither	
Fabaceae	Lessertia_benguellensis	5360027	164			ancestral
Fabaceae	Pachyelasma_tessmannii	2944797	170		arbuscular	
Fabaceae	Hedysarum_tanguticum	2961112	173			ancestral
Fabaceae	Pictetia_aculeata	5358205	178		arbuscular	
Fabaceae	Prosopis_articulata	5358550	179		arbuscular	
Fabaceae	Oxytropis_mertensiana	5361127	191		neither	
Fabaceae	Cryptosepalum_tetraphyllum	2956480	205		ecto	
Fabaceae	Astragalus_filicaulis	8391325	223		arbuscular	
Fabaceae	Aldina_latifolia	5360758	262		ecto	
Fabaceae	Ateleia_glazioveana	5361709	263		arbuscular	
Fabaceae	Ebenus_cretica	5354894	263			derived
Fabaceae	Hymenostegia_pellegrinii	2963364	266		arbuscular	
Fabaceae	Calliandra_bella	2981924	277		neither	
Fabaceae	Lotus_campylocladus	5356890	277			derived
Fabaceae	Cylicodiscus_gabunensis	2977092	281		arbuscular	
Fabaceae	Leucaena_retusa	2970404	297		arbuscular	
Fabaceae	Lespedeza_maximowiczii	2955735	309		neither	
Fabaceae	Plagiosiphon_emarginatus	2961132	313		arbuscular	
Fabaceae	Acacia_eriopoda	2980796	319		arbuscular	
Fabaceae	Senegalia_visco	9657641	327		arbuscular	
Fabaceae	Cynometra_retusa	2966937	332		arbuscular	
Fabaceae	Acacia_furcatispina	3796132	337		arbuscular	
Fabaceae	Gilbertiodendron_ogoouense	2941685	338		ecto	
Fabaceae	Fillaeopsis_discophora	2981414	364		arbuscular	
Fabaceae	Ormocarpum_trichocarpum	2954028	368		arbuscular	
Fabaceae	Parkia_ulei	5348860	373		arbuscular	
Fabaceae	Onobrychis_cornuta	2972756	377			derived
Fabaceae	Parapiptadenia_pterosperma	2941639	397		neither	
Fabaceae	Senegalia_catechu	3796190	398		arbuscular	
Fabaceae	Lathyrus_gmelinii	5356703	406		neither	
Fabaceae	Diphysa_floribunda	5357270	408		neither	
Fabaceae	Batesia_floribunda	5357360	410		arbuscular	
Fabaceae	Acacia_ampliceps	2978547	416		arbuscular	
Fabaceae	Amblygonocarpus_andongensis	2975852	417		arbuscular	
Fabaceae	Adenanthera_microsperma	2951851	423		neither	
Fabaceae	Prosopis_nigra	5358478	428		arbuscular	
Fabaceae	Caragana_pygmaea	2943272	429		arbuscular	
Fabaceae	Acacia_sparsiflora	2981156	438		ecto	
Fabaceae	Andira_aubletii	2940383	450		arbuscular	
Fabaceae	Cynometra_megalophylla	2966854	451		arbuscular	
Fabaceae	Parkia_multijuga	5348884	452		arbuscular	
Fabaceae	Chamaecrista_adiantifolia	2950290	456		neither	
Fabaceae	Mariosousa_dolichostachya	3794908	456		ecto	
Fabaceae	Archidendron_ellipticum	8638856	457		arbuscular	
Fabaceae	Myrospermum_frutescens	2976681	462		arbuscular	
Fabaceae	Librevillea_klainei	2941198	473		ecto	
Fabaceae	Diplotropis_martiusii	5355620	481		neither	
Fabaceae	Platycyamus_regnellii	5358188	492		arbuscular	
Fabaceae	Paramacrolobium_coeruleum	2962899	501		ecto	
Fabaceae	Albizia_corniculata	2972934	505		arbuscular	
Fabaceae	Geoffroea_decorticans	2966692	526		arbuscular	
Fabaceae	Zygia_racemosa	5580471	535		arbuscular	
Fabaceae	Geoffroea_spinosa	2966693	584		neither	
Fabaceae	Sphaerophysa_salsula	5353525	597			non-woody
Fabaceae	Melanoxylon_brauna	2945499	607		neither	
Fabaceae	Aphanocalyx_microphyllus_subsp._microphyllus	2954240	608		ecto	
Fabaceae	Dalbergia_hupeana	2968584	608		neither	
Fabaceae	Brownea_grandiceps	2970463	623		arbuscular	
Fabaceae	Calpocalyx_dinklagei	2932964	632		arbuscular	
Fabaceae	Havardia_albicans	2933859	641		arbuscular	
Fabaceae	Mimosa_polyantha	2969577	668		arbuscular	
Fabaceae	Lupinus_longifolius	2964141	677			ancestral
Fabaceae	Calliandra_parvifolia	2981824	699		ecto	
Fabaceae	Vatairea_macrocarpa	2965132	703		arbuscular	
Fabaceae	Elephantorrhiza_elephantina	2933010	705		arbuscular	
Fabaceae	Machaerium_opacum	5355028	707		arbuscular	
Fabaceae	Clitoria_fairchildiana	2946600	734		neither	
Fabaceae	Vachellia_cornigera	3795572	752		ecto	
Fabaceae	Pseudopiptadenia_psilostachya	2952915	797		neither	
Fabaceae	Saraca_declinata	5359533	806		arbuscular	
Fabaceae	Archidendron_lucidum	2941456	810		neither	
Fabaceae	Peltogyne_paniculata_subsp._pubescens	2952728	815		arbuscular	
Fabaceae	Schotia_brachypetala	2959242	824		arbuscular	
Fabaceae	Holocalyx_balansae	2943127	835		arbuscular	
Fabaceae	Baphia_laurifolia	5352590	850		neither	
Fabaceae	Baphia_massaiensis	5352622	886		arbuscular	
Fabaceae	Calliandra_brevipes	2981785	913		arbuscular	
Fabaceae	Sutherlandia_frutescens	5358193	926			derived
Fabaceae	Amburana_cearensis	2945821	948		arbuscular	
Fabaceae	Lupinus_chamissonis	2963889	969			derived
Fabaceae	Albizia_inundata	2973063	972		arbuscular	
Fabaceae	Vachellia_campechiana	7266124	1021		arbuscular	
Fabaceae	Arachis_duranensis	5353841	1047	progenitor		
Fabaceae	Myroxylon_balsamum	5357190	1054		arbuscular	
Fabaceae	Calliandra_carbonaria	2982031	1120		neither	
Fabaceae	Acacia_confusa	2978466	1132		ecto	
Fabaceae	Pseudopiptadenia_contorta	2952922	1134		neither	
Fabaceae	Acacia_crassicarpa	2979506	1160		ecto	
Fabaceae	Vachellia_constricta	3795576	1184		arbuscular	
Fabaceae	Castanospermum_australe	2952129	1225		arbuscular	
Fabaceae	Cladrastis_kentukea	2945513	1228		arbuscular	
Fabaceae	Acacia_tenuissima	2979227	1247		ecto	
Fabaceae	Pterocarpus_lucens_subsp._lucens	5349254	1262		neither	
Fabaceae	Albizia_polycephala	2973294	1288		neither	
Fabaceae	Zygia_longifolia	5347452	1295		neither	
Fabaceae	Hydrochorea_corymbosa	2977475	1310		neither	
Fabaceae	Acacia_dimidiata	2980626	1338		arbuscular	
Fabaceae	Balizia_pedicellaris	2973147	1348		arbuscular	
Fabaceae	Prosopis_velutina	5358538	1375		neither	
Fabaceae	Mundulea_sericea	2933885	1449		arbuscular	
Fabaceae	Dalbergia_monetaria	2968858	1460		neither	
Fabaceae	Stryphnodendron_adstringens	2951737	1476		arbuscular	
Fabaceae	Dalbergia_melanoxylon	2968897	1482		arbuscular	
Fabaceae	Entada_polystachya	2976206	1487		neither	
Fabaceae	Bobgunnia_madagascariensis	2981738	1496		arbuscular	
Fabaceae	Dalbergia_miscolobium	2968927	1535		arbuscular	
Fabaceae	Swainsona_phacoides	2943486	1595		arbuscular	
Fabaceae	Cojoba_arborea	2981383	1603		neither	
Fabaceae	Pterocarpus_angolensis	5349240	1615		arbuscular	
Fabaceae	Dussia_lehmannii	2968245	1652		neither	
Fabaceae	Mucuna_gigantea	2951381	1660		neither	
Fabaceae	Acacia_platycarpa	2981312	1670		ecto	
Fabaceae	Calliandra_eriophylla	2982181	1674		arbuscular	
Fabaceae	Acacia_torulosa	2980904	1721		ecto	
Fabaceae	Erythrina_fusca	5349620	1729		neither	
Fabaceae	Vachellia_macracantha	3795445	1793		ecto	
Fabaceae	Tachigali_peruviana	2952587	1818		neither	
Fabaceae	Brachystegia_boehmii	2952673	1840		ecto	
Fabaceae	Medicago_arborea	2965379	1842			derived
Fabaceae	Alhagi_maurorum	2945092	1862		arbuscular	
Fabaceae	Macrolobium_acaciifolium	2948882	1865		arbuscular	
Fabaceae	Swainsona_microphylla_subsp._glabrescens	2943452	1869			non-woody
Fabaceae	Adenanthera_pavonina	2951846	1902		arbuscular	
Fabaceae	Pithecellobium_unguis-cati	2962854	1904		neither	
Fabaceae	Wisteria_sinensis	2977331	1964		arbuscular	
Fabaceae	Sophora_microphylla	2959082	2053		neither	
Fabaceae	Faidherbia_albida	5360150	2058		arbuscular	
Fabaceae	Sophora_japonica	2963569	2081		neither	
Fabaceae	Intsia_bijuga	2963211	2083		ecto	
Fabaceae	Pithecellobium_clypearia	2941309	2140		arbuscular	
Fabaceae	Glycyrrhiza_glabra	2965732	2142		arbuscular	
Fabaceae	Carmichaelia_australis	5348429	2149		neither	derived
Fabaceae	Lupinus_excubitus	2964456	2205			derived
Fabaceae	Pterodon_emarginatus	5342608	2289		arbuscular	
Fabaceae	Haematoxylum_campechianum	2950903	2372		arbuscular	
Fabaceae	Cassia_fistula	5357108	2375		arbuscular	
Fabaceae	Senegalia_tenuifolia	2979126	2421		ecto	
Fabaceae	Indigofera_tinctoria	2972043	2473		arbuscular	
Fabaceae	Hedysarum_alpinum	2949263	2697			non-woody
Fabaceae	Oxytropis_lambertii	5360970	2811		arbuscular	non-woody
Fabaceae	Swartzia_simplex	5352047	2909		neither	
Fabaceae	Baptisia_bracteata	2976054	2934		arbuscular	
Fabaceae	Acacia_holosericea	2978751	2937		ecto	
Fabaceae	Wisteria_floribunda	2977323	3083		neither	
Fabaceae	Onobrychis_arenaria_subsp._tommasinii	2972841	3124		arbuscular	
Fabaceae	Leptolobium_elegans	2970516	3168		arbuscular	
Fabaceae	Prosopis_africana	5358514	3239		neither	
Fabaceae	Hedysarum_spinosissimum	2960982	3249		arbuscular	
Fabaceae	Andira_inermis	2952214	3289		neither	
Fabaceae	Acacia_leiocalyx	2979974	3332		ecto	
Fabaceae	Mucuna_pruriens	2951499	3356		arbuscular	
Fabaceae	Senegalia_senegal	3977346	3425		ecto	
Fabaceae	Dialium_guianense	2971008	3483		arbuscular	
Fabaceae	Indigofera_linifolia_var._linifolia	2971525	3744		arbuscular	
Fabaceae	Acacia_maidenii	2980396	3867		ecto	
Fabaceae	Machaerium_aculeatum	5354969	3911		neither	
Fabaceae	Vachellia_seyal	3974722	3983		ecto	
Fabaceae	Bossiaea_obcordata	2968327	4000		arbuscular	
Fabaceae	Sesbania_sesban	2970648	4109		arbuscular	
Fabaceae	Acacia_obtusifolia	2980237	4115		both	
Fabaceae	Isoberlinia_doka	2976331	4171		ecto	
Fabaceae	Vachellia_nilotica	3974744	4183		arbuscular	
Fabaceae	Pterocarpus_santalinoides	5349244	4247		neither	
Fabaceae	Dalea_purpurea	5353342	4280		arbuscular	
Fabaceae	Prosopis_juliflora	5358460	4453		arbuscular	
Fabaceae	Lupinus_arboreus	2963807	4461			derived
Fabaceae	Lonchocarpus_sericeus	2969156	4580		neither	
Fabaceae	Afzelia_africana	5358300	4802		ecto	
Fabaceae	Centrosema_pubescens	2964904	4855		arbuscular	
Fabaceae	Daniellia_oliveri	2948733	4960		arbuscular	
Fabaceae	Caesalpinia_pulcherrima	2958715	5018		arbuscular	
Fabaceae	Senegalia_glomerosa	2980360	5045		ecto	
Fabaceae	Canavalia_rosea	2962021	5275		arbuscular	
Fabaceae	Lupinus_albifrons	2964669	5279			derived
Fabaceae	Brachystegia_spiciformis	2952670	5318		both	
Fabaceae	Crotalaria_incana	2942375	5323		arbuscular	
Fabaceae	Hedysarum_hedysaroides	2960823	5344		arbuscular	
Fabaceae	Burkea_africana	5348890	5546		arbuscular	
Fabaceae	Astragalus_frigidus	5343710	5865		neither	
Fabaceae	Aeschynomene_indica	2949250	6078		arbuscular	
Fabaceae	Detarium_microcarpum	2961176	6085		arbuscular	
Fabaceae	Acaciella_angustissima	2981071	6414		ecto	
Fabaceae	Inga_ruiziana	5357975	6859		neither	
Fabaceae	Parkinsonia_aculeata	5357217	7009		arbuscular	
Fabaceae	Acacia_oswaldii	2980319	7064		arbuscular	
Fabaceae	Tamarindus_indica	2975768	7297		arbuscular	
Fabaceae	Mimosa_pudica	2969284	8634		arbuscular	
Fabaceae	Pultenaea_daphnoides	2956339	9042		arbuscular	
Fabaceae	Erythrophleum_chlorostachys	2971187	9224		neither	
Fabaceae	Chamaecrista_mimosoides	2949769	9981		arbuscular	
Fabaceae	Cercis_canadensis	5353583	10420		arbuscular	
Fabaceae	Colutea_arborescens	7844167	12004			derived
Fabaceae	Dorycnium_hirsutum	2959124	14317		neither	
Fabaceae	Oxytropis_campestris_var._gracilis	5361536	15103			non-woody
Fabaceae	Astragalus_cicer	5343253	15429		arbuscular	
Fabaceae	Ulex_minor	2951968	17610		neither	
Fabaceae	Acacia_mearnsii	2979775	17908		ecto	
Fabaceae	Ononis_angustissima_subsp._longifolia	2977234	26519			derived
Fabaceae	Ceratonia_siliqua	5356354	35327		arbuscular	
Fabaceae	Cajanus_cajan	2960383	39764		arbuscular	
Fabaceae	Acacia_melanoxylon	2979000	40413		ecto	
Fabaceae	Arachis_hypogaea_var._peruviana	5353770	48360		arbuscular	
Fabaceae	Onobrychis_viciifolia	2972595	48607		arbuscular	non-woody
Fabaceae	Astragalus_glycyphyllos	5346998	60403		neither	
Fabaceae	Ulex_parviflorus_subsp._eriocladus	2952000	89601		arbuscular	
Fabaceae	Cicer_arietinum	2947311	90833		arbuscular	
Fabaceae	Lupinus_polyphyllus	2964355	108151			non-woody
Fabaceae	Glycine_max	5359660	144773		arbuscular	
Fabaceae	Medicago_sativa	9151957	153549			non-woody
Fabaceae	Ononis_spinosa	2977149	176808			ancestral
Fabaceae	Cytisus_scoparius	5354656	221189			ancestral
Fabaceae	Phaseolus_vulgaris	5350452	223125		arbuscular	
Fabaceae	Lotus_uliginosus	5356854	251875		arbuscular	
Fabaceae	Medicago_lupulina	2965201	280729			non-woody
Fabaceae	Lotus_corniculatus	5357013	481259			non-woody
Fabaceae	Trifolium_repens	5358748	695678		arbuscular	non-woody
Fagaceae	Quercus_rotundifolia	2881550	1321016		ecto	
Flagellariaceae	Flagellaria_indica	5287564	5675		arbuscular	
Fouquieriaceae	Fouquieria_diguetii	3874338	476		arbuscular	
Francoaceae	Bersama_abyssinica	3845259	1647		arbuscular	
Garryaceae	Aucuba_japonica	3033077	5894		arbuscular	
Gentianaceae	Exacum_oldenlandioides	3840827	186			non-woody
Gentianaceae	Tachiadenus_longiflorus	3839953	219			derived
Gentianaceae	Ixanthus_viscosus	3839773	232			derived
Gentianaceae	Symbolanthus_calygonus	8184585	572			derived
Gentianaceae	Exochaenium_grande	3839714	608			non-woody
Gentianaceae	Chelonanthus_alatus	3844069	2878			non-woody
Gentianaceae	Centaurium_erythraea	5414457	105200			non-woody
Geraniaceae	Pelargonium_panduriforme	2891607	109			derived
Geraniaceae	Pelargonium_dolomiticum	3829055	180			non-woody
Geraniaceae	Geranium_multiflorum	2890222	209			derived
Geraniaceae	Pelargonium_grossularioides	2891614	226			non-woody
Geraniaceae	Pelargonium_odoratissimum	2891612	334			derived
Geraniaceae	Geranium_cuneatum	2889996	416			derived
Geraniaceae	Pelargonium_zonale	9609002	716			derived
Geraniaceae	Pelargonium_myrrhifolium	3827650	794			non-woody
Geraniaceae	Pelargonium_capitatum	9711656	879			derived
Geraniaceae	Pelargonium_alchemilloides	8588196	986			non-woody
Geraniaceae	Pelargonium_luridum	3828518	1330			non-woody
Geraniaceae	Geranium_bicknellii	2890075	2356			non-woody
Geraniaceae	Geranium_richardsonii	2890865	3143			non-woody
Geraniaceae	Geranium_lucidum	2890560	28970		neither	
Geraniaceae	Geranium_dissectum	2890040	154801		arbuscular	
Geraniaceae	Geranium_robertianum	2890668	388659			non-woody
Gesneriaceae	Negria_rhabdothamnoides	5589523	106			ancestral
Gesneriaceae	Agalmyla_parasitica	3823653	132			non-woody
Gesneriaceae	Streptocarpus_grandis	6365569	178			non-woody
Gesneriaceae	Lesia_savannarum	5589164	287			derived
Gesneriaceae	Paraboea_sinensis	6365575	309			derived
Gesneriaceae	Rhytidophyllum_auriculatum	5415322	346			derived
Gesneriaceae	Paliavana_prasinata	3824061	385			derived
Gesneriaceae	Besleria_notabilis	3824613	418			derived
Gesneriaceae	Drymonia_semicordata	5590501	930			non-woody
Gesneriaceae	Kohleria_tigridia	5592197	974			derived
Gesneriaceae	Achimenes_longiflora	6365250	1007			non-woody
Gesneriaceae	Rhynchotechum_discolor	6365531	1153			derived
Gesneriaceae	Codonanthopsis_crassifolia	3824299	1180			derived
Gesneriaceae	Moussonia_deppeana	5590599	1352			derived
Gesneriaceae	Lysionotus_pauciflorus	6365649	1459			derived
Gesneriaceae	Drymonia_serrulata	5590493	2383			derived
Gesneriaceae	Besleria_solanoides	6365702	8456			derived
Ginkgoaceae	Ginkgo_biloba	2687885	4065		arbuscular	
Gnetaceae	Gnetum_latifolium	2653172	858		ecto	
Goodeniaceae	Goodenia_stobbsiana	3761975	137			derived
Goodeniaceae	Goodenia_pinifolia	3761540	186			derived
Goodeniaceae	Verreauxia_reinwardtii	5569372	253			derived
Goodeniaceae	Scaevola_angulata	5569324	372			derived
Goodeniaceae	Goodenia_decurrens	3762316	422			derived
Goodeniaceae	Scaevola_collaris	7842072	596			derived
Goodeniaceae	Lechenaultia_biloba	7262225	900			derived
Goodeniaceae	Coopernookia_barbata	3761207	945			derived
Goodeniaceae	Goodenia_cycloptera	3762348	2268			non-woody
Goodeniaceae	Scaevola_ramosissima	7262317	3573			non-woody
Goodeniaceae	Goodenia_bellidifolia	7262229	4460			non-woody
Goodeniaceae	Scaevola_taccada	7544936	4905			derived
Goodeniaceae	Goodenia_pinnatifida	7262232	5527			non-woody
Goodeniaceae	Dampiera_stricta	7262323	9959		arbuscular	ancestral
Goodeniaceae	Goodenia_ovata	7262256	14841			derived
Grossulariaceae	Ribes_rubrum	2986097	99980		arbuscular	
Gunneraceae	Gunnera_petaloidea	2984300	279		arbuscular	
Haloragaceae	Proserpinaca_palustris	2984291	2379		arbuscular	
Haloragaceae	Myriophyllum_spicatum	5361760	66528		neither	
Heliconiaceae	Heliconia_psittacorum	2760669	2784		arbuscular	
Hernandiaceae	Gyrocarpus_americanus	7326414	2608		arbuscular	
Humiriaceae	Humiria_balsamifera	8196855	3941		arbuscular	
Hyacinthaceae	Hyacinthoides_non-scripta	5304283	105438		arbuscular	
Hydrocharitaceae	Lagarosiphon_major	2865565	2828		arbuscular	
Hydrocharitaceae	Vallisneria_spiralis	2865526	3409		arbuscular	
Hydrocharitaceae	Hydrilla_verticillata	5329570	11702		neither	
Hydrocharitaceae	Elodea_canadensis	2865448	66830		neither	
Hypoxidaceae	Molineria_capitulata	5325471	878		arbuscular	
Iteaceae	Itea_parviflora	5617117	937		arbuscular	
Juglandaceae	Juglans_cinerea	3054352	5240		arbuscular	
Juncaceae	Luzula_hawaiiensis_var._hawaiiensis	2701026	381		arbuscular	
Juncaceae	Juncus_nodosus	2701592	3525		arbuscular	
Juncaceae	Juncus_arcticus_subsp._arcticus	2701151	7828		neither	
Juncaceae	Juncus_balticus	2702048	14926		arbuscular	
Juncaceae	Luzula_luzuloides	2700874	46444		neither	
Juncaceae	Juncus_conglomeratus	2701418	180361		neither	
Kewaceae	Kewa_salsoloides	7738737	744			non-woody
Krameriaceae	Krameria_erecta	5421448	1883		neither	
Lamiaceae	Salvia_garipensis	8117604	124			derived
Lamiaceae	Salvia_dentata	3904157	150			derived
Lamiaceae	Lavandula_buchii	7307864	188			derived
Lamiaceae	Phlomoides_rotata	7980234	206			non-woody
Lamiaceae	Salvia_haenkei	3900835	219			derived
Lamiaceae	Sideritis_cretica_subsp._spicata	7862362	223			derived
Lamiaceae	Otostegia_fruticosa_subsp._schimperi	7307811	230			derived
Lamiaceae	Phyllostegia_grandiflora	2926448	256			derived
Lamiaceae	Salvia_corrugata	3905260	268			derived
Lamiaceae	Salvia_sagittata	3888514	283			derived
Lamiaceae	Salvia_tortuosa	7306887	376			derived
Lamiaceae	Acrotome_inflata	3893741	426			non-woody
Lamiaceae	Salvia_sessei	3887736	487			derived
Lamiaceae	Salvia_canariensis	7306552	526			derived
Lamiaceae	Salvia_africana	3886290	530			derived
Lamiaceae	Salvia_regla	2927054	590			derived
Lamiaceae	Salvia_cuspidata	7309440	623			derived
Lamiaceae	Moluccella_laevis	2926881	648			non-woody
Lamiaceae	Micromeria_hyssopifolia	7307035	723			derived
Lamiaceae	Acanthoprasium_frutescens	3895799	792			derived
Lamiaceae	Lavandula_canariensis_subsp._canariensis	7307851	884			derived
Lamiaceae	Salvia_leucantha	6411750	897			derived
Lamiaceae	Salvia_dominica	3903762	1021			derived
Lamiaceae	Micromeria_juliana	7774615	1294			ancestral
Lamiaceae	Salvia_fruticosa	6412283	1634			derived
Lamiaceae	Leonotis_ocymifolia_var._schinzii	7307634	1847			derived
Lamiaceae	Phlomis_crinita_subsp._malacitana	7307299	2551			ancestral
Lamiaceae	Lavandula_multifida	3891203	3285			ancestral
Lamiaceae	Salvia_sclarea	2927000	3508			non-woody
Lamiaceae	Prasium_majus	3898574	3605			ancestral
Lamiaceae	Salvia_coccinea	9278365	3689			non-woody
Lamiaceae	Salvia_lyrata	2927027	4688			non-woody
Lamiaceae	Sideritis_romana	2926687	5939			non-woody
Lamiaceae	Ballota_hirsuta	8376275	6959			ancestral
Lamiaceae	Salvia_lavandulifolia	2927004	11744			ancestral
Lamiaceae	Phlomis_purpurea	7307046	28818			derived
Lamiaceae	Salvia_verbenaca	6409706	40727			non-woody
Lamiaceae	Thymbra_capitata	5607804	48561		ecto	
Lamiaceae	Lavandula_latifolia	2927304	50438			ancestral
Lamiaceae	Ballota_nigra_subsp._uncinata	2926894	65125			non-woody
Lamiaceae	Salvia_pratensis_subsp._pratensis	2927007	98246			non-woody
Lamiaceae	Phlomis_lychnitis	3887383	127734			derived
Lamiaceae	Lavandula_stoechas	2927303	200458			ancestral
Lamiaceae	Stachys_sylvatica	2927282	232167			non-woody
Lamiaceae	Galeopsis_tetrahit	5341300	246194		neither	
Lardizabalaceae	Stauntonia_hexaphylla	4191611	1433		arbuscular	
Lauraceae	Dehaasia_incrassata	4179558	408		arbuscular	
Lauraceae	Beilschmiedia_tawa	4182938	10441		arbuscular	
Lauraceae	Laurus_nobilis	3034015	12220		arbuscular	
Lecythidaceae	Planchonia_careya	5383741	5672		arbuscular	
Lepidobotryaceae	Lepidobotrys_staudtii	3990273	318		arbuscular	
Loasaceae	Kissenia_capensis	4931777	263			derived
Loasaceae	Mentzelia_scabra	7289741	591			derived
Loasaceae	Petalonyx_thurberi	2874840	861			derived
Loasaceae	Cevallia_sinuata	2874845	890			non-woody
Loasaceae	Mentzelia_albicaulis	8584815	2220			non-woody
Loranthaceae	Gaiadendron_punctatum	7288046	4270		neither	
Magnoliaceae	Liriodendron_tulipifera	3152861	10780		arbuscular	
Malvaceae	Dendrosida_sharpiana_subsp._pubescens	7279020	108			derived
Malvaceae	Malva_australiana	3935002	2236			derived
Malvaceae	Malva_wigandii	7279633	4431			derived
Malvaceae	Malva_dendromorpha	3935079	7012			derived
Malvaceae	Tilia_americana	3152042	10702		ecto	
Malvaceae	Gossypium_hirsutum	3152661	23610			ancestral
Malvaceae	Malva_sylvestris	3152374	92433		arbuscular	non-woody
Marcgraviaceae	Souroubea_guianensis	7275879	1234		arbuscular	
Molluginaceae	Pharnaceum_lanatum	3783460	120			non-woody
Molluginaceae	Psammotropha_quadrangularis	3783550	161			derived
Molluginaceae	Adenogramma_glomerata	3783531	241			non-woody
Monimiaceae	Hedycarya_arborea	3783024	13881		arbuscular	
Montiaceae	Hectorella_caespitosa	3701797	252			derived
Montiaceae	Montia_fontana	9004024	47696			non-woody
Moraceae	Ficus_pandurata	8037208	612		neither	
Moraceae	Parartocarpus_venenosus	3766049	614		arbuscular	
Moraceae	Artocarpus_camansi	2984573	3300	progenitor		
Moraceae	Antiaris_toxicaria	7262663	4287		arbuscular	
Moraceae	Maclura_tinctoria	2984583	4886		arbuscular	
Moraceae	Ficus_insipida	6358534	5112		arbuscular	
Moraceae	Ficus_virens	9512597	5717		arbuscular	
Moraceae	Broussonetia_papyrifera	5361944	6147		arbuscular	
Moraceae	Ficus_andicola	5361926	7014		arbuscular	
Moraceae	Morus_alba	5361889	10626		arbuscular	
Muntingiaceae	Muntingia_calabura	3152036	4687		arbuscular	
Musaceae	Ensete_ventricosum	2763050	536	undifferentiated		
Musaceae	Musa_balbisiana_BBB_Group	2762950	594	progenitor		
Musaceae	Musa_acuminata_subsp._truncata	2762680	2788	progenitor	arbuscular	
Myricaceae	Morella_pubescens	3744993	2137		neither	
Myristicaceae	Virola_sebifera	3152846	5296		arbuscular	
Myrtaceae	Eucalyptus_obliqua	3176354	35280		ecto	
Nothofagaceae	Fuscospora_cliffortioides	2874925	11785		ecto	
Oleaceae	Forsythia_suspensa	5415056	1415			ancestral
Oleaceae	Fraxinus_excelsior	3172358	568688			ancestral
Onagraceae	Epilobium_montanum	3664083	166433		arbuscular	
Onagraceae	Chamerion_angustifolium	8053718	320944		neither	
Orchidaceae	Neuwiedia_veratrifolia	2837241	134		neither	
Orchidaceae	Dienia_ophrydis	2813396	374		arbuscular	
Orchidaceae	Ionopsis_utricularioides	5321877	921		neither	
Orchidaceae	Liparis_loeselii	5323092	15062		neither	
Orchidaceae	Dactylorhiza_sambucina	8231647	24685		ecto	
Orchidaceae	Cephalanthera_damasonium	2795952	42837		ecto	
Orchidaceae	Cephalanthera_longifolia	2795869	43078		neither	
Orchidaceae	Epipactis_palustris	5319226	58597		neither	
Orchidaceae	Dactylorhiza_maculata	8179794	141100		neither	
Orchidaceae	Epipactis_helleborine	8998684	149755		ecto	
Orobanchaceae	Brandisia_hancei	3732880	494			derived
Orobanchaceae	Alectra_sessiliflora	7331592	2329			non-woody
Orobanchaceae	Castilleja_miniata	3170719	5563			non-woody
Orobanchaceae	Melampyrum_pratense	7693914	169928			non-woody
Oxalidaceae	Oxalis_corniculata_var._atropurpurea	8427624	64168		arbuscular	
Pandanaceae	Freycinetia_banksii	2863182	7848		arbuscular	
Papaveraceae	Romneya_trichocalyx	2888394	218			ancestral
Papaveraceae	Hunnemannia_fumariifolia	2888505	341			non-woody
Papaveraceae	Romneya_coulteri	2888393	410			derived
Papaveraceae	Dendromecon_rigida	2888424	2066			derived
Papaveraceae	Macleaya_cordata	5334194	2098		arbuscular	non-woody
Papaveraceae	Bocconia_frutescens	2888374	3535		neither	derived
Papaveraceae	Argemone_mexicana	2888485	4468		arbuscular	
Papaveraceae	Corydalis_solida	5334208	26474		neither	
Papaveraceae	Papaver_somniferum	2888439	30575		neither	
Paracryphiaceae	Quintinia_acutifolia	3932810	8616		arbuscular	
Pennantiaceae	Pennantia_corymbosa	3596592	4042		arbuscular	
Pentaphylacaceae	Eurya_japonica	7152601	7079		arbuscular	
Peridiscaceae	Soyauxia_gabonensis	3874443	329		arbuscular	
Phrymaceae	Diplacus_douglasii	7551308	380			non-woody
Phrymaceae	Diplacus_mephiticus	8054934	695			non-woody
Phrymaceae	Diplacus_puniceus	5414624	1182			derived
Phrymaceae	Diplacus_aurantiacus	5414628	4897			derived
Phrymaceae	Erythranthe_guttata	7346102	11643			non-woody
Picramniaceae	Picramnia_antidesma	7329570	1562		arbuscular	
Pinaceae	Pinus_halepensis	5285604	351792		ecto	
Plantaginaceae	Otacanthus_azureus	7760877	106			derived
Plantaginaceae	Galvezia_fruticosa	3733296	111			derived
Plantaginaceae	Basistemon_spinosus	3734357	112			derived
Plantaginaceae	Veronica_lavaudiana	3730006	133			derived
Plantaginaceae	Plantago_arborescens	9344408	153			derived
Plantaginaceae	Penstemon_fruticiformis	3171503	159			derived
Plantaginaceae	Gambelia_juncea	8307949	163			derived
Plantaginaceae	Penstemon_incertus	3171588	176			derived
Plantaginaceae	Plantago_webbii	4155514	187			derived
Plantaginaceae	Plantago_princeps_var._longibracteata	3189754	190			ancestral
Plantaginaceae	Monttea_chilensis	7332894	239			derived
Plantaginaceae	Penstemon_clevelandii	3171384	245			non-woody
Plantaginaceae	Veronica_venustula	3724463	247			derived
Plantaginaceae	Penstemon_thurberi	3171405	274			non-woody
Plantaginaceae	Veronica_speciosa	3172028	314			derived
Plantaginaceae	Angelonia_campestris	3742222	347			derived
Plantaginaceae	Campylanthus_salsoloides	8164714	360			derived
Plantaginaceae	Veronica_macrantha	3729676	390			derived
Plantaginaceae	Veronica_tetragona	7331657	552			derived
Plantaginaceae	Angelonia_integerrima	3742036	645			non-woody
Plantaginaceae	Keckiella_breviflora	3170795	659			derived
Plantaginaceae	Veronica_hectorii_subsp._coarctata	5830297	681			ancestral
Plantaginaceae	Aragoa_abietina	3741986	1132			derived
Plantaginaceae	Kickxia_aegyptiaca	7738378	1211			derived
Plantaginaceae	Penstemon_kunthii	3730926	1576			ancestral
Plantaginaceae	Maurandya_antirrhiniflora	3741449	1736			non-woody
Plantaginaceae	Penstemon_barbatus	3171570	2600			non-woody
Plantaginaceae	Plantago_virginica	3189751	3479			non-woody
Plantaginaceae	Veronica_salicifolia	7331824	3654			derived
Plantaginaceae	Veronica_derwentiana_subsp._maideniana	7332357	3884			derived
Plantaginaceae	Chelone_glabra	5414935	4175			non-woody
Plantaginaceae	Veronica_plebeia	3172117	9467			non-woody
Plantaginaceae	Globularia_nudicaulis	7265189	11828			non-woody
Plantaginaceae	Plantago_sempervirens	7303117	13900			non-woody
Plantaginaceae	Globularia_alypum	7703240	14111			derived
Plantaginaceae	Veronica_longifolia	3172118	24623			non-woody
Plantaginaceae	Globularia_cordifolia	7265184	28415			derived
Plantaginaceae	Kickxia_elatine	3170819	29341			non-woody
Plantaginaceae	Globularia_punctata	5578472	29398			non-woody
Plantaginaceae	Linaria_vulgaris	5415020	194037			non-woody
Plantaginaceae	Veronica_chamaedrys	7874883	341220			non-woody
Plantaginaceae	Plantago_lanceolata	8208358	717148		arbuscular	non-woody
Platanaceae	Platanus_occidentalis	3152820	7665		arbuscular	
Poaceae	Nastus_productus	5679435	160		arbuscular	
Poaceae	Stipagrostis_pennata	4130370	188		neither	
Poaceae	Cephalostachyum_pergracile	4123063	191		arbuscular	
Poaceae	Deschampsia_chapmanii	5827799	203		arbuscular	
Poaceae	Secale_vavilovii	4121006	219	progenitor		
Poaceae	Gigantochloa_verticillata	2703311	234		neither	
Poaceae	Alopecurus_vaginatus	5671926	266		neither	
Poaceae	Dendrocalamus_giganteus	4145704	269		arbuscular	
Poaceae	Centropodia_glauca	5680035	289		arbuscular	
Poaceae	Cleistogenes_squarrosa	2706207	310		neither	
Poaceae	Festuca_hyperborea	2704971	316		neither	
Poaceae	Phleum_montanum	4139446	316		arbuscular	
Poaceae	Oldeania_alpina	9550588	326		arbuscular	
Poaceae	Helictotrichon_desertorum_subsp._basalticum	4153075	354		arbuscular	
Poaceae	Festuca_contracta	4126093	373		neither	
Poaceae	Anthoxanthum_arcticum	2703334	431		arbuscular	
Poaceae	Raddiella_esenbeckii	4144842	631		arbuscular	
Poaceae	Elymus_fibrosus	4110465	684		arbuscular	
Poaceae	Cutandia_memphitica	2706169	754		neither	
Poaceae	Aegilops_crassa	9198426	897		arbuscular	
Poaceae	Uniola_paniculata	2702847	901		arbuscular	
Poaceae	Bambusa_multiplex	2705757	938		arbuscular	
Poaceae	Sasa_veitchii	4128359	1061		arbuscular	
Poaceae	Gynerium_sagittatum	5289743	1155		arbuscular	
Poaceae	Festuca_baffinensis	2704993	1204		arbuscular	
Poaceae	Zea_mays_subsp._parviglumis	5678457	1254	progenitor		
Poaceae	Chionochloa_rigida	4148765	1310		arbuscular	
Poaceae	Zoysia_tenuifolia	2704740	1332		arbuscular	
Poaceae	Sporobolus_rigidus	9278137	1334		arbuscular	
Poaceae	Eleusine_coracana_subsp._africana	4124350	1335	progenitor		
Poaceae	Pogonarthria_squarrosa	4105701	1489		arbuscular	
Poaceae	Triticum_dicoccoides	8651300	1517	progenitor		
Poaceae	Puccinellia_nuttalliana	2704691	1696		arbuscular	
Poaceae	x_Calammophila_baltica	4106313	1986		neither	
Poaceae	Stipagrostis_uniplumis_var._uniplumis	4130126	2046		arbuscular	
Poaceae	Rytidosperma_setifolium	4135675	2270		arbuscular	
Poaceae	Milium_vernale	2706195	2390		arbuscular	
Poaceae	Lophatherum_gracile	4129475	2406		arbuscular	
Poaceae	Phyllostachys_reticulata	5677245	2419		neither	
Poaceae	Guadua_angustifolia	4155017	2493		arbuscular	
Poaceae	Triticum_urartu	2706411	2859	progenitor		
Poaceae	Triraphis_mollis	7361239	2862		arbuscular	
Poaceae	Aegilops_speltoides	5289790	3207	progenitor	arbuscular	
Poaceae	Sorghum_arundinaceum	4108497	3351	progenitor		
Poaceae	Sporobolus_michauxianus	9592414	3615		arbuscular	
Poaceae	Phleum_hirsutum	4139625	3631		arbuscular	
Poaceae	Digitaria_longiflora	5289974	3835		neither	
Poaceae	Anthoxanthum_australe	4134120	3848		arbuscular	
Poaceae	Chascolytrum_subaristatum	4149785	3884		arbuscular	
Poaceae	Calamagrostis_pseudophragmites	4108217	3934		arbuscular	
Poaceae	Beckmannia_syzigachne	5290059	4034		arbuscular	
Poaceae	Anthoxanthum_monticola_subsp._alpinum	4133679	4594		neither	
Poaceae	Sporobolus_cryptandrus	2704769	4711		arbuscular	
Poaceae	Digitaria_violascens	5289995	4889		arbuscular	
Poaceae	Enneapogon_polyphyllus	4152243	4986		arbuscular	
Poaceae	Echinaria_capitata	5674620	5184		arbuscular	
Poaceae	Elymus_elongatus	4125808	5244		arbuscular	
Poaceae	Aegilops_tauschii	5289779	5491	progenitor	arbuscular	
Poaceae	Poa_colensoi	4137991	5849		arbuscular	
Poaceae	Alopecurus_arundinaceus	5290087	6653		arbuscular	
Poaceae	Aristida_holathera_var._holathera	4126814	7665		neither	
Poaceae	Aegilops_cylindrica	5289783	7952		neither	
Poaceae	Poa_arctica_var._vivipara	2704207	8187		neither	
Poaceae	Lamarckia_aurea	5289762	8686		arbuscular	
Poaceae	Parapholis_incurva	5290069	8748		arbuscular	
Poaceae	Thinopyrum_pungens	5289896	9201		neither	
Poaceae	Schismus_barbatus	2704341	9263		neither	
Poaceae	Calamagrostis_canadensis	2704895	9456		arbuscular	
Poaceae	Sporobolus_africanus	4152259	9753		arbuscular	
Poaceae	Cortaderia_selloana	2704523	10107		arbuscular	
Poaceae	Calamagrostis_stricta_subsp._inexpansa	2704899	11199		arbuscular	
Poaceae	Oryza_rufipogon	2703463	11876	progenitor		
Poaceae	Festuca_quadriflora	4116348	11938		arbuscular	
Poaceae	Aristida_adscensionis	2706277	14239		arbuscular	
Poaceae	Eragrostis_pilosa	2705400	15891	progenitor	arbuscular	
Poaceae	Gaudinia_fragilis	5290242	16478		arbuscular	
Poaceae	Hordeum_vulgare_subsp._spontaneum	2706075	17099	progenitor		
Poaceae	Rostraria_cristata	5289906	17407		arbuscular	
Poaceae	Lagurus_ovatus	5290177	18380		arbuscular	
Poaceae	Phleum_arenarium	2706011	18539		neither	
Poaceae	Bromus_benekenii	4144085	19594		arbuscular	
Poaceae	Sporobolus_anglicus	9398259	21745		neither	
Poaceae	Digitaria_ischaemum	5290003	24003		arbuscular	
Poaceae	Eleusine_indica	2705953	24951		arbuscular	
Poaceae	Phalaris_aquatica	5289746	27057		arbuscular	
Poaceae	Melica_ciliata	2703124	33667		arbuscular	
Poaceae	Glyceria_notata	4105780	34602		neither	
Poaceae	Festuca_bromoides	5289598	34748		arbuscular	
Poaceae	Briza_maxima	2702792	35529		arbuscular	
Poaceae	Catapodium_rigidum	2705228	35797		arbuscular	
Poaceae	Puccinellia_maritima	2704687	39669		neither	
Poaceae	Koeleria_macrantha	2705914	40039		arbuscular	
Poaceae	Alopecurus_aequalis	5290083	42569		neither	
Poaceae	Phleum_alpinum	8952395	43247		arbuscular	
Poaceae	Poa_bulbosa_var._bulbosa	8086756	44964		arbuscular	
Poaceae	Helictochloa_pratensis	6559939	45764		arbuscular	
Poaceae	Festuca_filiformis	2705011	48598		arbuscular	
Poaceae	Alopecurus_myosuroides	5290097	51234		arbuscular	
Poaceae	Microlaena_stipoides	2702866	53493		arbuscular	
Poaceae	Calamagrostis_arundinacea	4109084	60578		arbuscular	
Poaceae	Digitaria_sanguinalis	5289972	61875		arbuscular	
Poaceae	Setaria_glauca	5828197	65507		arbuscular	
Poaceae	Apera_spica-venti	5289642	68145		neither	
Poaceae	Agrostis_gigantea	2706541	81480		arbuscular	
Poaceae	Avena_barbata	2705300	90152		arbuscular	
Poaceae	Avenula_pubescens	2703793	94459		arbuscular	
Poaceae	Calamagrostis_canescens	4108861	100141		neither	
Poaceae	Echinochloa_crus-galli	2702808	113034		neither	
Poaceae	Trisetum_flavescens	2704389	132317		arbuscular	
Poaceae	Danthonia_decumbens	2703250	142978		arbuscular	
Poaceae	Alopecurus_geniculatus	5290090	177126		arbuscular	
Poaceae	Festuca_arundinacea_subsp._orientalis	5289769	192246		arbuscular	
Poaceae	Bromus_erectus	7647071	196211		arbuscular	
Poaceae	Nardus_stricta	2702717	209441		arbuscular	
Poaceae	Holcus_mollis	2706163	214246		arbuscular	
Poaceae	Cynosurus_cristatus	2704395	214581		arbuscular	
Poaceae	Brachypodium_sylvaticum	5290146	235440		arbuscular	
Poaceae	Zea_mays	5290052	237750		arbuscular	
Poaceae	Alopecurus_pratensis	5290081	278888		arbuscular	
Poaceae	Hordeum_vulgare_subsp._vulgare	2706056	296182		arbuscular	
Poaceae	Elymus_repens	5290299	377735		arbuscular	
Poaceae	Avenella_flexuosa	4149465	435076		neither	
Poaceae	Deschampsia_cespitosa_subsp._borealis	8059811	446115		neither	
Poaceae	Lolium_perenne	2706241	482461		arbuscular	
Poaceae	Triticum_spelta	7795888	521316		arbuscular	
Polemoniaceae	Allophyllum_integrifolium	5341614	105		arbuscular	
Polemoniaceae	Polemonium_boreale	2927837	1332		neither	
Polemoniaceae	Polemonium_caucasicum	2927850	14493		arbuscular	
Polygalaceae	Polygala_penaea	4050594	370		arbuscular	
Polygalaceae	Moutabea_guianensis	4051471	624		arbuscular	
Polygalaceae	Xanthophyllum_flavescens	7580773	1073		arbuscular	
Polygalaceae	Carpolobia_alba	4049539	1290		arbuscular	
Polygalaceae	Securidaca_diversifolia	5421445	2401		arbuscular	
Polygalaceae	Polygala_amara	4051803	5353		neither	
Polygalaceae	Polygala_calcarea	8169088	19060		arbuscular	
Polygalaceae	Polygala_comosa	7293616	26653		arbuscular	
Polygalaceae	Polygala_serpyllifolia	3191414	43035		arbuscular	
Polygonaceae	Fagopyrum_esculentum_subsp._ancestrale	4036222	1	progenitor		
Polygonaceae	Rumex_albescens	2888965	147			derived
Polygonaceae	Eriogonum_arborescens	2889638	255			derived
Polygonaceae	Coccoloba_pubescens	2888841	304			ancestral
Polygonaceae	Eriogonum_giganteum	2889699	307			derived
Polygonaceae	Eriogonum_nummulare	2889744	314			derived
Polygonaceae	Koenigia_tortuosa	8823017	387			derived
Polygonaceae	Calligonum_comosum	8082975	416			derived
Polygonaceae	Bistorta_affinis	4033335	551			derived
Polygonaceae	Chorizanthe_staticoides	2888925	642			non-woody
Polygonaceae	Eriogonum_davidsonii	2889732	650			non-woody
Polygonaceae	Koenigia_mollis	8879994	665			derived
Polygonaceae	Eriogonum_marifolium	2889632	710			non-woody
Polygonaceae	Eriogonum_sphaerocephalum_var._sphaerocephalum	2889491	793			derived
Polygonaceae	Eriogonum_corymbosum_var._glutinosum	2889533	1042			ancestral
Polygonaceae	Chorizanthe_brevicornu	2888910	1061			non-woody
Polygonaceae	Eriogonum_annuum	2889698	1404			non-woody
Polygonaceae	Pterostegia_drymarioides	2889362	1418			non-woody
Polygonaceae	Rumex_lunaria	4032398	1477			derived
Polygonaceae	Eriogonum_wrightii	2889714	2561			derived
Polygonaceae	Eriogonum_microthecum	7983280	2573			derived
Polygonaceae	Koenigia_polystachya	8848208	2655			derived
Polygonaceae	Eriogonum_ovalifolium	2889640	3560			non-woody
Polygonaceae	Koenigia_alpina	9020499	3757			non-woody
Polygonaceae	Muehlenbeckia_australis	4033148	3969			derived
Polygonaceae	Fallopia_aubertii	5334351	4668			derived
Polygonaceae	Polygonum_maritimum	8195379	6182			derived
Polygonaceae	Koenigia_islandica	5334283	6429			non-woody
Polygonaceae	Eriogonum_umbellatum	2889574	7337			derived
Polygonaceae	Eriogonum_fasciculatum	2889433	7817			derived
Polygonaceae	Duma_florulenta	8066397	9478			derived
Polygonaceae	Fagopyrum_esculentum	2889373	15559			non-woody
Polygonaceae	Bistorta_vivipara	2889299	113161			non-woody
Polygonaceae	Fallopia_convolvulus	6391461	141026			non-woody
Polygonaceae	Polygonum_aviculare	7821030	343160			non-woody
Polygonaceae	Rumex_acetosa	2888951	579397			non-woody
Potamogetonaceae	Zannichellia_palustris	2756540	43367		arbuscular	
Potamogetonaceae	Potamogeton_perfoliatus	5301200	64330		neither	
Primulaceae	Lysimachia_remyi_subsp._kipahuluensis	3169373	578			derived
Primulaceae	Stylogyne_turbacensis	7331069	868		arbuscular	
Primulaceae	Androsace_obtusifolia	4005658	2725		arbuscular	
Primulaceae	Maesa_lanceolata	7330870	3534		arbuscular	
Primulaceae	Cyclamen_hederifolium	7127810	3980		arbuscular	
Primulaceae	Lysimachia_terrestris	3169365	4105		neither	
Primulaceae	Lysimachia_clethroides	3169331	4745			non-woody
Primulaceae	Primula_auricula	7974503	9247		arbuscular	
Primulaceae	Myrsine_divaricata	3721809	16807		arbuscular	
Primulaceae	Anagallis_tenella	4005183	27076		arbuscular	
Primulaceae	Primula_farinosa	7931979	34197		arbuscular	
Primulaceae	Samolus_valerandi	3169313	37853		arbuscular	
Primulaceae	Primula_pallasii	5414326	109229		neither	
Primulaceae	Anagallis_arvensis	8184903	195673		arbuscular	
Primulaceae	Primula_macrocalyx	8377689	200265		arbuscular	
Primulaceae	Lysimachia_vulgaris	3169386	291916			non-woody
Proteaceae	Dilobeia_thouarsii	7590974	437		neither	
Proteaceae	Embothrium_coccineum	7124132	713		neither	
Proteaceae	Telopea_speciosissima	3996729	1477		arbuscular	
Proteaceae	Conospermum_taxifolium	8410766	2344		arbuscular	
Proteaceae	Banksia_ericifolia	7124454	6075		arbuscular	
Proteaceae	Banksia_marginata	7124257	22403		neither	
Ranunculaceae	Clematis_ibarensis	3931342	191			derived
Ranunculaceae	Clematis_pauciflora	8009516	230			derived
Ranunculaceae	Xanthorhiza_simplicissima	3033662	1269			derived
Ranunculaceae	Coptis_trifolia_subsp._groenlandica	3033632	5023			non-woody
Ranunculaceae	Clematis_alpina	3033599	9192			ancestral
Ranunculaceae	Clematis_flammula	3921611	22540			non-woody
Ranunculaceae	Pulsatilla_vulgaris	3033621	40785		neither	
Ranunculaceae	Clematis_vitalba	3033558	159846			derived
Ranunculaceae	Ranunculus_acris	3033363	592789		arbuscular	
Resedaceae	Ochradenus_arabicus	3916558	130			non-woody
Resedaceae	Randonia_africana	3916683	189			derived
Resedaceae	Reseda_scoparia	3916652	280			derived
Resedaceae	Ochradenus_baccatus	7275957	1284			derived
Resedaceae	Reseda_lutea	3040252	78363			non-woody
Restionaceae	Lyginia_barbata	2731697	318		arbuscular	
Rhamnaceae	Discaria_chacaye	5602883	228		arbuscular	
Rhamnaceae	Colletia_spinosissima	6371450	457		arbuscular	
Rhamnaceae	Discaria_toumatou	5603124	1072		neither	
Rhamnaceae	Ceanothus_thyrsiflorus	3039379	1378		ecto	
Rhamnaceae	Ziziphus_mauritiana	3039424	4657		arbuscular	
Rhamnaceae	Alphitonia_excelsa	3039494	11835		arbuscular	
Rhamnaceae	Rhamnus_alaternus	6371424	38398		arbuscular	
Rosaceae	Docynia_indica	3025442	111		arbuscular	
Rosaceae	Alchemilla_verticillata	3025345	114			ancestral
Rosaceae	Alchemilla_subnivalis	3027643	119			derived
Rosaceae	Acaena_splendens	5370957	144			non-woody
Rosaceae	Alchemilla_polylepis	3025383	167			derived
Rosaceae	Malus_micromalus	3001102	180		arbuscular	
Rosaceae	Alchemilla_ellenbeckii	8270904	184			non-woody
Rosaceae	Rosa_persica	8258890	187		arbuscular	
Rosaceae	Margyricarpus_alatus	3030140	200			derived
Rosaceae	Pygeum_topengii	3021682	211		arbuscular	
Rosaceae	Alchemilla_johnstonii	3028684	248			derived
Rosaceae	Acaena_minor	5371118	261		neither	
Rosaceae	Prunus_microcarpa	3021376	312		ecto	
Rosaceae	Geum_glaciale	5369889	378		neither	
Rosaceae	Alchemilla_cryptantha	3027938	452			non-woody
Rosaceae	Rosa_maximowicziana	3004857	459		arbuscular	
Rosaceae	Photinia_prunifolia	5363844	521		arbuscular	
Rosaceae	Osteomeles_anthyllidifolia	3024832	562		arbuscular	
Rosaceae	Malus_mandshurica	4272229	631		neither	
Rosaceae	Margyricarpus_pinnatus	3030248	821			non-woody
Rosaceae	Malus_prunifolia	3001157	1025		arbuscular	
Rosaceae	Acaena_elongata	5370941	1357			derived
Rosaceae	Photinia_glabra	5363818	1393		ecto	
Rosaceae	Malus_angustifolia	3001548	1547		arbuscular	
Rosaceae	Malus_ioensis	3001596	1603		arbuscular	
Rosaceae	Cercocarpus_ledifolius	8168453	1609		ecto	
Rosaceae	Sibbaldianthe_bifurca	3000723	1980		arbuscular	
Rosaceae	Purshia_tridentata	5370313	2534		arbuscular	
Rosaceae	Duchesnea_chrysantha	7631479	2892		arbuscular	
Rosaceae	Potentilla_hyparctica_subsp._elatior	5367620	2945		neither	
Rosaceae	Photinia_villosa	5363819	3221		arbuscular	
Rosaceae	Rubus_crataegifolius	2999200	3734		neither	
Rosaceae	Spiraea_chamaedryfolia	3026406	3851		arbuscular	
Rosaceae	Aronia_melanocarpa	5363627	4063		arbuscular	
Rosaceae	Malus_sieboldii	3001650	4627		arbuscular	
Rosaceae	Sarcopoterium_spinosum	3001879	5180		arbuscular	
Rosaceae	Cydonia_oblonga	5362215	5315		arbuscular	
Rosaceae	Physocarpus_opulifolius	2988354	5886		arbuscular	
Rosaceae	Rubus_odoratus	2994912	6448		arbuscular	
Rosaceae	Alchemilla_glomerulans	3028402	9939		arbuscular	
Rosaceae	Dasiphora_fruticosa	5370380	16633		arbuscular	
Rosaceae	Acaena_novae-zelandiae	5370755	24487		arbuscular	
Rosaceae	Alchemilla_xanthochlora	3028198	24933		arbuscular	
Rosaceae	Mespilus_germanica	3031774	25252		arbuscular	
Rosaceae	Rosa_pendulina	3006974	29517		ecto	
Rosaceae	Alchemilla_alpina	3027648	33665		arbuscular	
Rosaceae	Fragaria_viridis	8400458	36851		arbuscular	
Rosaceae	Dryas_punctata	4889932	42860		ecto	
Rosaceae	Rosa_spinosissima	3002333	44013		arbuscular	
Rosaceae	Alchemilla_glabra	3027640	48022		arbuscular	
Rosaceae	Alchemilla_arvensis	5365013	54962		arbuscular	
Rosaceae	Alchemilla_vulgaris	7890713	56176		neither	
Rosaceae	Amelanchier_ovalis	3023878	61216		arbuscular	
Rosaceae	Filipendula_vulgaris	2988069	65964		arbuscular	
Rosaceae	Malus_orientalis	3001509	72092		ecto	
Rosaceae	Rubus_ulmifolius	2996929	89938		arbuscular	
Rosaceae	Malus_pumila	3001093	116673		arbuscular	
Rosaceae	Prunus_virginiana	3021850	117798		arbuscular	
Rosaceae	Potentilla_neumaniana	8182596	142896		arbuscular	
Rosaceae	Agrimonia_eupatoria	3001956	193231		arbuscular	
Rosaceae	Rosa_canina	3002461	266825		arbuscular	
Rosaceae	Rubus_fruticosus	2989764	271858		arbuscular	
Rosaceae	Potentilla_anserina	5367246	335618		arbuscular	
Rosaceae	Geum_urbanum	5369652	347667		arbuscular	
Rosaceae	Sorbus_sibirica	3012167	474607		arbuscular	
Rousseaceae	Carpodetus_serratus	3932516	18050		arbuscular	
Rubiaceae	Hedyotis_fruticosa	9594482	107			derived
Rubiaceae	Mitracarpus_robustus	8397993	114			derived
Rubiaceae	Hedyotis_caudatifolia	3845807	123			derived
Rubiaceae	Mitrasacmopsis_quadrivalvis	2900406	162			non-woody
Rubiaceae	Hedyotis_philippensis	2915775	182			non-woody
Rubiaceae	Mitracarpus_rigidifolius	2912913	183			derived
Rubiaceae	Leptopetalum_grayi	2895818	195			derived
Rubiaceae	Hedyotis_verticillata	9469636	336			derived
Rubiaceae	Mitracarpus_megapotamicus	2912930	547			non-woody
Rubiaceae	Galium_stellatum	2914884	700			derived
Rubiaceae	Galium_angustifolium_subsp._nudicaule	2914865	789			non-woody
Rubiaceae	Psyllocarpus_laricoides	2907975	1039			derived
Rubiaceae	Rubia_fruticosa	2892284	1139			derived
Rubiaceae	Ernodea_littoralis	2893696	1214			derived
Rubiaceae	Oldenlandia_diffusa	9264048	1362			non-woody
Rubiaceae	Galianthe_brasiliensis	2902311	1961			derived
Rubiaceae	Hedyotis_terminalis	2906544	2688			derived
Rubiaceae	Spermacoce_capitata	2892008	2908			non-woody
Rubiaceae	Rubia_agostinhoi	2892366	3010			derived
Rubiaceae	Rubia_tinctorum	2892272	3086			non-woody
Rubiaceae	Rubia_cordifolia	2892192	3204			non-woody
Rubiaceae	Stenaria_nigricans	2909424	3781			non-woody
Rubiaceae	Richardia_brasiliensis	5337499	3826			non-woody
Rubiaceae	Borreria_alata	2918871	3964			non-woody
Rubiaceae	Arcytophyllum_nitidum	2892716	3967			derived
Rubiaceae	Oldenlandia_corymbosa	2911970	4987			non-woody
Rubiaceae	Mitracarpus_hirtus	2912993	5878			non-woody
Rubiaceae	Rubia_peregrina_subsp._longifolia	2892347	73159			ancestral
Rubiaceae	Galium_aparine	2913548	465738			non-woody
Sabiaceae	Meliosma_myriantha	7269664	2575		arbuscular	
Salicaceae	Salix_humboldtiana	5372914	2942		both	
Salicaceae	Salix_aurita	5372876	151110		ecto	
Salvadoraceae	Azima_tetracantha	3796625	1062		arbuscular	
Santalaceae	Santalum_acuminatum	3789456	5748		neither	
Santalaceae	Osyris_alba	3789029	18504		arbuscular	
Sapotaceae	Vitellaria_paradoxa	2886750	15431		arbuscular	
Saxifragaceae	Micranthes_foliolosa	5567695	3517		arbuscular	
Saxifragaceae	Saxifraga_bronchialis	3032717	3972		arbuscular	
Saxifragaceae	Saxifraga_cespitosa	3032796	13723		neither	
Saxifragaceae	Micranthes_stellaris	5567578	31722		neither	
Saxifragaceae	Chrysosplenium_oppositifolium	7526486	60507		neither	
Saxifragaceae	Saxifraga_granulata	7887000	85931		arbuscular	
Schisandraceae	Illicium_anisatum	7314073	2449		arbuscular	
Scrophulariaceae	Scrophularia_libanotica_subsp._libanotica	7332837	136			derived
Scrophulariaceae	Scrophularia_desertorum	3170883	181			ancestral
Scrophulariaceae	Scrophularia_deserti	3738208	229			derived
Scrophulariaceae	Scrophularia_glabrata	8044991	426			derived
Scrophulariaceae	Scrophularia_frutescens_var._frutescens	8132017	771			derived
Scrophulariaceae	Scrophularia_xanthoglossa	3735218	933			non-woody
Scrophulariaceae	Scrophularia_lanceolata	3170878	2081			non-woody
Scrophulariaceae	Scrophularia_auriculata	3170875	82847			non-woody
Scrophulariaceae	Verbascum_thapsus	3171949	107599			non-woody
Scrophulariaceae	Scrophularia_nodosa	3170886	187488			non-woody
Siparunaceae	Siparuna_guianensis	7264535	7748		arbuscular	
Solanaceae	Solanum_ochranthum	2929382	693			derived
Solanaceae	Solanum_appendiculatum	2929544	993			derived
Solanaceae	Solanum_bukasovii_f._multidissectum	7299615	1191	progenitor		
Solanaceae	Solanum_anceps	2929475	1230			derived
Solanaceae	Solanum_habrochaites	2929599	1908			derived
Solanaceae	Lycium_chinense	2928809	3644			ancestral
Solanaceae	Solanum_torvum	2932389	11990			ancestral
Solanaceae	Nicotiana_glauca	2928783	13280			derived
Solanaceae	Lycium_barbarum	2928835	14490			non-woody
Solanaceae	Nicotiana_tabacum	2928774	21553			non-woody
Solanaceae	Solanum_lycopersicum	2930137	83829			non-woody
Solanaceae	Solanum_dulcamara	2932737	265340			non-woody
Staphyleaceae	Staphylea_pinnata	3686235	2361		neither	
Staphyleaceae	Euscaphis_japonica	9464189	4027		arbuscular	
Staphyleaceae	Staphylea_bumalda	7326549	5759		arbuscular	
Strasburgeriaceae	Ixerba_brexioides	3932625	3064		arbuscular	
Stylidiaceae	Stylidium_graminifolium	7334893	16279			non-woody
Styracaceae	Styrax_japonicus	5371678	8764		arbuscular	
Symplocaceae	Symplocos_stawellii	7318817	7719		arbuscular	
Taccaceae	Tacca_chantrieri	2755905	419		neither	
Thymelaeaceae	Gonystylus_bancanus	3568838	185		arbuscular	
Thymelaeaceae	Thymelaea_hirsuta	5523602	12737		neither	
Thymelaeaceae	Daphne_laureola	5420853	40330		arbuscular	
Tofieldiaceae	Tofieldia_coccinea	2864343	1511		neither	
Tofieldiaceae	Tofieldia_calyculata	2864397	23533		arbuscular	
Tropaeolaceae	Tropaeolum_majus	2889934	9098		arbuscular	
Typhaceae	Sparganium_eurycarpum	2702394	2597		arbuscular	
Typhaceae	Sparganium_natans	2702384	29726		neither	
Urticaceae	Elatostema_parvum_var._parvum	7300859	261		arbuscular	
Urticaceae	Gesnouinia_arborea	4101571	363			derived
Urticaceae	Urera_glabra	2984330	372		arbuscular	
Urticaceae	Elatostema_platyphyllum	7300825	498		neither	
Urticaceae	Boehmeria_zollingeriana	7300724	788		arbuscular	
Urticaceae	Pipturus_albidus	7500826	1122		arbuscular	
Urticaceae	Urtica_ferox	5670293	1555			ancestral
Urticaceae	Urera_caracasana	2984335	2936		neither	
Urticaceae	Pipturus_argenteus	6414892	3671		neither	
Urticaceae	Boehmeria_cylindrica	2984345	5641		neither	
Urticaceae	Parietaria_judaica	5361801	39013			non-woody
Urticaceae	Urtica_urens	5361815	73465		neither	
Urticaceae	Urtica_dioica	7960979	869192			non-woody
Violaceae	Viola_chamissoniana_subsp._tracheliifolia	5331174	395			derived
Violaceae	Viola_sagittata	5331364	4102			non-woody
Violaceae	Viola_canina	5331258	108504		neither	
Violaceae	Viola_riviniana	7296321	211728		arbuscular	non-woody
Vitaceae	Parthenocissus_inserta	3039193	19625		arbuscular	
Winteraceae	Pseudowintera_colorata	4020812	22655		arbuscular	
Zamiaceae	Macrozamia_communis	2683568	2442		arbuscular	
Zygophyllaceae	Viscainoa_geniculata	7285858	445		arbuscular	
Zygophyllaceae	Guaiacum_sanctum	3189908	2147		neither	
Zygophyllaceae	Tribulus_cistoides	5421117	3712		neither	
Zygophyllaceae	Balanites_aegyptiacus	5421115	6203		arbuscular	
Zygophyllaceae	Tribulus_terrestris	5421116	17464		arbuscular	
Zygophyllaceae	Larrea_tridentata	5421118	21622		arbuscular	